1787538574,heavy-coupon-api-1,14.09%,370.7MiB / 1GiB
1787538574,heavy-grafana-1,0.16%,111MiB / 7.654GiB
1787538574,heavy-toxiproxy-1,0.00%,3.012MiB / 7.654GiB
1787538574,heavy-postgres-1,0.00%,69.8MiB / 1GiB
1787538574,heavy-redis-1,0.46%,9.336MiB / 256MiB
1787538574,heavy-mock-external-1,1.03%,185.1MiB / 1GiB
1787538574,heavy-prometheus-1,0.50%,55.42MiB / 7.654GiB
1787538579,heavy-coupon-api-1,14.73%,373.4MiB / 1GiB
1787538579,heavy-grafana-1,0.26%,111MiB / 7.654GiB
1787538579,heavy-toxiproxy-1,0.00%,3.012MiB / 7.654GiB
1787538579,heavy-postgres-1,0.70%,69.8MiB / 1GiB
1787538579,heavy-redis-1,0.76%,9.336MiB / 256MiB
1787538579,heavy-mock-external-1,2.32%,185.1MiB / 1GiB
1787538579,heavy-prometheus-1,1.40%,55.43MiB / 7.654GiB
1787538584,heavy-coupon-api-1,13.70%,375MiB / 1GiB
1787538584,heavy-grafana-1,0.16%,111MiB / 7.654GiB
1787538584,heavy-toxiproxy-1,0.00%,3.012MiB / 7.654GiB
1787538584,heavy-postgres-1,0.00%,69.8MiB / 1GiB
1787538584,heavy-redis-1,0.70%,9.336MiB / 256MiB
1787538584,heavy-mock-external-1,0.12%,185.1MiB / 1GiB
1787538584,heavy-prometheus-1,0.45%,55.43MiB / 7.654GiB
1787538588,heavy-coupon-api-1,26.26%,377.1MiB / 1GiB
1787538588,heavy-grafana-1,1.00%,111MiB / 7.654GiB
1787538588,heavy-toxiproxy-1,0.00%,3.012MiB / 7.654GiB
1787538588,heavy-postgres-1,2.13%,69.81MiB / 1GiB
1787538588,heavy-redis-1,2.88%,9.336MiB / 256MiB
1787538588,heavy-mock-external-1,1.18%,185.1MiB / 1GiB
1787538588,heavy-prometheus-1,0.06%,55.42MiB / 7.654GiB
1787538593,heavy-coupon-api-1,16.26%,377.5MiB / 1GiB
1787538593,heavy-grafana-1,0.11%,111MiB / 7.654GiB
1787538593,heavy-toxiproxy-1,0.00%,3.012MiB / 7.654GiB
1787538593,heavy-postgres-1,0.00%,69.8MiB / 1GiB
1787538593,heavy-redis-1,0.49%,9.336MiB / 256MiB
1787538593,heavy-mock-external-1,0.18%,185.1MiB / 1GiB
1787538593,heavy-prometheus-1,0.01%,55.42MiB / 7.654GiB
1787538597,heavy-coupon-api-1,15.73%,379.2MiB / 1GiB
1787538597,heavy-grafana-1,0.16%,111MiB / 7.654GiB
1787538597,heavy-toxiproxy-1,0.00%,3.012MiB / 7.654GiB
1787538597,heavy-postgres-1,0.00%,69.8MiB / 1GiB
1787538597,heavy-redis-1,0.79%,9.336MiB / 256MiB
1787538597,heavy-mock-external-1,0.12%,185.1MiB / 1GiB
1787538597,heavy-prometheus-1,0.00%,55.42MiB / 7.654GiB
1787538602,heavy-coupon-api-1,24.09%,380.6MiB / 1GiB
1787538602,heavy-grafana-1,0.36%,111MiB / 7.654GiB
1787538602,heavy-toxiproxy-1,0.00%,3.012MiB / 7.654GiB
1787538602,heavy-postgres-1,0.59%,69.8MiB / 1GiB
1787538602,heavy-redis-1,0.97%,9.336MiB / 256MiB
1787538602,heavy-mock-external-1,0.50%,185.1MiB / 1GiB
1787538602,heavy-prometheus-1,0.16%,55.42MiB / 7.654GiB
1787538605,heavy-coupon-api-1,28.35%,381MiB / 1GiB
1787538605,heavy-grafana-1,0.21%,111MiB / 7.654GiB
1787538605,heavy-toxiproxy-1,0.00%,3.012MiB / 7.654GiB
1787538605,heavy-postgres-1,0.00%,69.8MiB / 1GiB
1787538605,heavy-redis-1,0.52%,9.336MiB / 256MiB
1787538605,heavy-mock-external-1,0.16%,185.1MiB / 1GiB
1787538605,heavy-prometheus-1,0.00%,55.42MiB / 7.654GiB
1787538610,heavy-coupon-api-1,17.79%,381.4MiB / 1GiB
1787538610,heavy-grafana-1,0.21%,111MiB / 7.654GiB
1787538610,heavy-toxiproxy-1,0.00%,3.012MiB / 7.654GiB
1787538610,heavy-postgres-1,0.60%,69.8MiB / 1GiB
1787538610,heavy-redis-1,0.88%,9.586MiB / 256MiB
1787538610,heavy-mock-external-1,0.50%,185.1MiB / 1GiB
1787538610,heavy-prometheus-1,0.17%,55.42MiB / 7.654GiB
1787538615,heavy-coupon-api-1,14.80%,382.2MiB / 1GiB
1787538615,heavy-grafana-1,5.93%,111MiB / 7.654GiB
1787538615,heavy-toxiproxy-1,0.00%,3.012MiB / 7.654GiB
1787538615,heavy-postgres-1,0.00%,69.8MiB / 1GiB
1787538615,heavy-redis-1,0.70%,9.336MiB / 256MiB
1787538615,heavy-mock-external-1,0.10%,185.1MiB / 1GiB
1787538615,heavy-prometheus-1,0.31%,55.43MiB / 7.654GiB
1787538619,heavy-coupon-api-1,20.27%,384.6MiB / 1GiB
1787538619,heavy-grafana-1,0.16%,111MiB / 7.654GiB
1787538619,heavy-toxiproxy-1,0.00%,3.012MiB / 7.654GiB
1787538619,heavy-postgres-1,0.74%,69.8MiB / 1GiB
1787538619,heavy-redis-1,0.75%,9.336MiB / 256MiB
1787538619,heavy-mock-external-1,2.32%,185.1MiB / 1GiB
1787538619,heavy-prometheus-1,1.18%,55.43MiB / 7.654GiB
1787538624,heavy-coupon-api-1,10.76%,385.4MiB / 1GiB
1787538624,heavy-grafana-1,0.16%,111MiB / 7.654GiB
1787538624,heavy-toxiproxy-1,0.00%,3.012MiB / 7.654GiB
1787538624,heavy-postgres-1,0.00%,69.8MiB / 1GiB
1787538624,heavy-redis-1,0.56%,9.34MiB / 256MiB
1787538624,heavy-mock-external-1,1.48%,185.1MiB / 1GiB
1787538624,heavy-prometheus-1,1.12%,55.42MiB / 7.654GiB
1787538629,heavy-coupon-api-1,25.07%,390.1MiB / 1GiB
1787538629,heavy-grafana-1,0.14%,111MiB / 7.654GiB
1787538629,heavy-toxiproxy-1,0.00%,3.012MiB / 7.654GiB
1787538629,heavy-postgres-1,1.29%,69.8MiB / 1GiB
1787538629,heavy-redis-1,0.75%,9.586MiB / 256MiB
1787538629,heavy-mock-external-1,0.66%,185.1MiB / 1GiB
1787538629,heavy-prometheus-1,0.00%,55.42MiB / 7.654GiB
1787538633,heavy-coupon-api-1,18.36%,390.6MiB / 1GiB
1787538633,heavy-grafana-1,0.19%,111MiB / 7.654GiB
1787538633,heavy-toxiproxy-1,0.00%,3.012MiB / 7.654GiB
1787538633,heavy-postgres-1,0.00%,69.8MiB / 1GiB
1787538633,heavy-redis-1,0.64%,9.34MiB / 256MiB
1787538633,heavy-mock-external-1,0.20%,185.1MiB / 1GiB
1787538633,heavy-prometheus-1,1.30%,55.43MiB / 7.654GiB
1787538637,heavy-coupon-api-1,11.47%,393.3MiB / 1GiB
1787538637,heavy-grafana-1,0.17%,111MiB / 7.654GiB
1787538637,heavy-toxiproxy-1,0.00%,3.012MiB / 7.654GiB
1787538637,heavy-postgres-1,0.00%,69.82MiB / 1GiB
1787538637,heavy-redis-1,1.07%,9.336MiB / 256MiB
1787538637,heavy-mock-external-1,1.10%,185.1MiB / 1GiB
1787538637,heavy-prometheus-1,0.00%,55.42MiB / 7.654GiB
1787538642,heavy-coupon-api-1,10.72%,394.2MiB / 1GiB
1787538642,heavy-grafana-1,0.34%,111MiB / 7.654GiB
1787538642,heavy-toxiproxy-1,0.00%,3.012MiB / 7.654GiB
1787538642,heavy-postgres-1,0.01%,69.8MiB / 1GiB
1787538642,heavy-redis-1,0.58%,9.336MiB / 256MiB
1787538642,heavy-mock-external-1,0.22%,185.1MiB / 1GiB
1787538642,heavy-prometheus-1,0.00%,55.43MiB / 7.654GiB
1787538646,heavy-coupon-api-1,10.47%,396.6MiB / 1GiB
1787538646,heavy-grafana-1,0.17%,111MiB / 7.654GiB
1787538646,heavy-toxiproxy-1,0.00%,3.012MiB / 7.654GiB
1787538646,heavy-postgres-1,0.72%,69.8MiB / 1GiB
1787538646,heavy-redis-1,1.00%,9.336MiB / 256MiB
1787538646,heavy-mock-external-1,0.45%,185.1MiB / 1GiB
1787538646,heavy-prometheus-1,0.00%,55.43MiB / 7.654GiB
1787538651,heavy-coupon-api-1,13.30%,403.4MiB / 1GiB
1787538651,heavy-grafana-1,1.48%,111MiB / 7.654GiB
1787538651,heavy-toxiproxy-1,0.00%,3.012MiB / 7.654GiB
1787538651,heavy-postgres-1,0.00%,69.8MiB / 1GiB
1787538651,heavy-redis-1,0.51%,9.336MiB / 256MiB
1787538651,heavy-mock-external-1,0.25%,185.1MiB / 1GiB
1787538651,heavy-prometheus-1,0.00%,55.44MiB / 7.654GiB
1787538656,heavy-coupon-api-1,18.23%,408.9MiB / 1GiB
1787538656,heavy-grafana-1,0.23%,111MiB / 7.654GiB
1787538656,heavy-toxiproxy-1,0.00%,3.012MiB / 7.654GiB
1787538656,heavy-postgres-1,2.16%,69.81MiB / 1GiB
1787538656,heavy-redis-1,2.05%,9.336MiB / 256MiB
1787538656,heavy-mock-external-1,1.05%,191.1MiB / 1GiB
1787538656,heavy-prometheus-1,0.00%,55.44MiB / 7.654GiB
1787538661,heavy-coupon-api-1,21.21%,410.1MiB / 1GiB
1787538661,heavy-grafana-1,0.61%,111MiB / 7.654GiB
1787538661,heavy-toxiproxy-1,0.00%,3.012MiB / 7.654GiB
1787538661,heavy-postgres-1,0.00%,69.8MiB / 1GiB
1787538661,heavy-redis-1,1.14%,9.336MiB / 256MiB
1787538661,heavy-mock-external-1,0.15%,187.1MiB / 1GiB
1787538661,heavy-prometheus-1,0.00%,55.44MiB / 7.654GiB
1787538665,heavy-coupon-api-1,10.97%,414.9MiB / 1GiB
1787538665,heavy-grafana-1,0.18%,111MiB / 7.654GiB
1787538665,heavy-toxiproxy-1,0.00%,3.012MiB / 7.654GiB
1787538665,heavy-postgres-1,0.83%,69.81MiB / 1GiB
1787538665,heavy-redis-1,1.00%,9.336MiB / 256MiB
1787538665,heavy-mock-external-1,0.52%,187.1MiB / 1GiB
1787538665,heavy-prometheus-1,0.33%,55.46MiB / 7.654GiB
1787538670,heavy-coupon-api-1,11.44%,419MiB / 1GiB
1787538670,heavy-grafana-1,0.22%,111MiB / 7.654GiB
1787538670,heavy-toxiproxy-1,0.00%,3.012MiB / 7.654GiB
1787538670,heavy-postgres-1,0.02%,69.8MiB / 1GiB
1787538670,heavy-redis-1,0.45%,9.336MiB / 256MiB
1787538670,heavy-mock-external-1,0.11%,187.1MiB / 1GiB
1787538670,heavy-prometheus-1,0.11%,55.45MiB / 7.654GiB
1787538674,heavy-coupon-api-1,10.63%,436.1MiB / 1GiB
1787538674,heavy-grafana-1,0.36%,111MiB / 7.654GiB
1787538674,heavy-toxiproxy-1,0.00%,3.012MiB / 7.654GiB
1787538674,heavy-postgres-1,0.00%,69.85MiB / 1GiB
1787538674,heavy-redis-1,0.59%,9.336MiB / 256MiB
1787538674,heavy-mock-external-1,1.06%,187.1MiB / 1GiB
1787538674,heavy-prometheus-1,1.10%,55.45MiB / 7.654GiB
1787538679,heavy-coupon-api-1,10.02%,435.4MiB / 1GiB
1787538679,heavy-grafana-1,0.41%,111MiB / 7.654GiB
1787538679,heavy-toxiproxy-1,0.00%,3.012MiB / 7.654GiB
1787538679,heavy-postgres-1,0.07%,69.8MiB / 1GiB
1787538679,heavy-redis-1,0.53%,9.336MiB / 256MiB
1787538679,heavy-mock-external-1,2.13%,187.1MiB / 1GiB
1787538679,heavy-prometheus-1,0.10%,55.45MiB / 7.654GiB
1787538684,heavy-coupon-api-1,9.89%,435.4MiB / 1GiB
1787538684,heavy-grafana-1,0.15%,111MiB / 7.654GiB
1787538684,heavy-toxiproxy-1,0.00%,3.012MiB / 7.654GiB
1787538684,heavy-postgres-1,0.06%,70.05MiB / 1GiB
1787538684,heavy-redis-1,0.54%,9.336MiB / 256MiB
1787538684,heavy-mock-external-1,2.66%,187.1MiB / 1GiB
1787538684,heavy-prometheus-1,2.29%,55.46MiB / 7.654GiB
1787538688,heavy-coupon-api-1,9.19%,436.4MiB / 1GiB
1787538688,heavy-grafana-1,0.22%,111MiB / 7.654GiB
1787538688,heavy-toxiproxy-1,0.00%,3.012MiB / 7.654GiB
1787538688,heavy-postgres-1,0.14%,69.8MiB / 1GiB
1787538688,heavy-redis-1,0.81%,9.336MiB / 256MiB
1787538688,heavy-mock-external-1,0.15%,187.1MiB / 1GiB
1787538688,heavy-prometheus-1,0.50%,55.46MiB / 7.654GiB
1787538693,heavy-coupon-api-1,10.10%,435.5MiB / 1GiB
1787538693,heavy-grafana-1,0.14%,111MiB / 7.654GiB
1787538693,heavy-toxiproxy-1,0.00%,3.012MiB / 7.654GiB
1787538693,heavy-postgres-1,1.63%,69.8MiB / 1GiB
1787538693,heavy-redis-1,1.05%,9.336MiB / 256MiB
1787538693,heavy-mock-external-1,1.28%,187.1MiB / 1GiB
1787538693,heavy-prometheus-1,3.21%,55.46MiB / 7.654GiB
1787538697,heavy-coupon-api-1,15.84%,435.2MiB / 1GiB
1787538697,heavy-grafana-1,0.19%,111MiB / 7.654GiB
1787538697,heavy-toxiproxy-1,0.00%,3.012MiB / 7.654GiB
1787538697,heavy-postgres-1,0.00%,69.8MiB / 1GiB
1787538697,heavy-redis-1,0.77%,9.336MiB / 256MiB
1787538697,heavy-mock-external-1,1.64%,187.1MiB / 1GiB
1787538697,heavy-prometheus-1,0.00%,55.45MiB / 7.654GiB
1787538702,heavy-coupon-api-1,14.25%,435.3MiB / 1GiB
1787538702,heavy-grafana-1,1.94%,111MiB / 7.654GiB
1787538702,heavy-toxiproxy-1,0.00%,3.012MiB / 7.654GiB
1787538702,heavy-postgres-1,1.82%,69.8MiB / 1GiB
1787538702,heavy-redis-1,1.56%,9.34MiB / 256MiB
1787538702,heavy-mock-external-1,1.43%,187.1MiB / 1GiB
1787538702,heavy-prometheus-1,0.00%,55.46MiB / 7.654GiB
1787538706,heavy-coupon-api-1,13.38%,435.3MiB / 1GiB
1787538706,heavy-grafana-1,0.34%,111MiB / 7.654GiB
1787538706,heavy-toxiproxy-1,0.00%,3.012MiB / 7.654GiB
1787538706,heavy-postgres-1,0.01%,69.8MiB / 1GiB
1787538706,heavy-redis-1,0.71%,9.336MiB / 256MiB
1787538706,heavy-mock-external-1,0.16%,187.1MiB / 1GiB
1787538706,heavy-prometheus-1,2.07%,55.46MiB / 7.654GiB
1787538710,heavy-coupon-api-1,9.32%,435.3MiB / 1GiB
1787538710,heavy-grafana-1,0.17%,111MiB / 7.654GiB
1787538710,heavy-toxiproxy-1,0.00%,3.012MiB / 7.654GiB
1787538710,heavy-postgres-1,0.62%,69.82MiB / 1GiB
1787538710,heavy-redis-1,0.76%,9.336MiB / 256MiB
1787538710,heavy-mock-external-1,0.42%,187.1MiB / 1GiB
1787538710,heavy-prometheus-1,0.45%,55.46MiB / 7.654GiB
1787538715,heavy-coupon-api-1,8.85%,435.3MiB / 1GiB
1787538715,heavy-grafana-1,0.15%,111MiB / 7.654GiB
1787538715,heavy-toxiproxy-1,0.00%,3.012MiB / 7.654GiB
1787538715,heavy-postgres-1,0.00%,69.8MiB / 1GiB
1787538715,heavy-redis-1,0.50%,9.336MiB / 256MiB
1787538715,heavy-mock-external-1,0.10%,187.1MiB / 1GiB
1787538715,heavy-prometheus-1,0.29%,55.46MiB / 7.654GiB
1787538720,heavy-coupon-api-1,11.44%,435.4MiB / 1GiB
1787538720,heavy-grafana-1,0.13%,111MiB / 7.654GiB
1787538720,heavy-toxiproxy-1,0.00%,3.012MiB / 7.654GiB
1787538720,heavy-postgres-1,0.55%,69.86MiB / 1GiB
1787538720,heavy-redis-1,0.66%,9.586MiB / 256MiB
1787538720,heavy-mock-external-1,0.67%,187.1MiB / 1GiB
1787538720,heavy-prometheus-1,0.00%,55.46MiB / 7.654GiB
1787538724,heavy-coupon-api-1,26.81%,435.3MiB / 1GiB
1787538724,heavy-grafana-1,0.13%,111MiB / 7.654GiB
1787538724,heavy-toxiproxy-1,0.00%,3.012MiB / 7.654GiB
1787538724,heavy-postgres-1,0.00%,69.8MiB / 1GiB
1787538724,heavy-redis-1,0.44%,9.336MiB / 256MiB
1787538724,heavy-mock-external-1,0.46%,187.1MiB / 1GiB
1787538724,heavy-prometheus-1,1.59%,55.46MiB / 7.654GiB
1787538729,heavy-coupon-api-1,10.84%,439.3MiB / 1GiB
1787538729,heavy-grafana-1,0.20%,111MiB / 7.654GiB
1787538729,heavy-toxiproxy-1,0.01%,3.012MiB / 7.654GiB
1787538729,heavy-postgres-1,0.65%,69.8MiB / 1GiB
1787538729,heavy-redis-1,1.35%,9.336MiB / 256MiB
1787538729,heavy-mock-external-1,1.51%,187.1MiB / 1GiB
1787538729,heavy-prometheus-1,1.01%,55.47MiB / 7.654GiB
1787538733,heavy-coupon-api-1,38.68%,438.9MiB / 1GiB
1787538733,heavy-grafana-1,0.03%,111MiB / 7.654GiB
1787538733,heavy-toxiproxy-1,0.00%,3.012MiB / 7.654GiB
1787538733,heavy-postgres-1,0.01%,69.8MiB / 1GiB
1787538733,heavy-redis-1,0.33%,9.336MiB / 256MiB
1787538733,heavy-mock-external-1,0.06%,187.1MiB / 1GiB
1787538733,heavy-prometheus-1,0.15%,55.46MiB / 7.654GiB
1787538738,heavy-coupon-api-1,6.74%,438.3MiB / 1GiB
1787538738,heavy-grafana-1,0.51%,111MiB / 7.654GiB
1787538738,heavy-toxiproxy-1,0.00%,3.012MiB / 7.654GiB
1787538738,heavy-postgres-1,0.64%,69.8MiB / 1GiB
1787538738,heavy-redis-1,1.04%,9.336MiB / 256MiB
1787538738,heavy-mock-external-1,0.51%,187.2MiB / 1GiB
1787538738,heavy-prometheus-1,0.00%,55.46MiB / 7.654GiB
1787538743,heavy-coupon-api-1,7.07%,437.8MiB / 1GiB
1787538743,heavy-grafana-1,0.16%,111MiB / 7.654GiB
1787538743,heavy-toxiproxy-1,0.00%,3.012MiB / 7.654GiB
1787538743,heavy-postgres-1,0.00%,69.8MiB / 1GiB
1787538743,heavy-redis-1,0.57%,9.336MiB / 256MiB
1787538743,heavy-mock-external-1,0.14%,187.2MiB / 1GiB
1787538743,heavy-prometheus-1,0.00%,55.46MiB / 7.654GiB
1787538747,heavy-coupon-api-1,7.20%,437.1MiB / 1GiB
1787538747,heavy-grafana-1,0.25%,111MiB / 7.654GiB
1787538747,heavy-toxiproxy-1,0.00%,3.012MiB / 7.654GiB
1787538747,heavy-postgres-1,0.00%,69.85MiB / 1GiB
1787538747,heavy-redis-1,1.13%,9.336MiB / 256MiB
1787538747,heavy-mock-external-1,0.50%,187.2MiB / 1GiB
1787538747,heavy-prometheus-1,0.00%,55.46MiB / 7.654GiB
1787538751,heavy-coupon-api-1,7.23%,436.6MiB / 1GiB
1787538751,heavy-grafana-1,1.16%,111MiB / 7.654GiB
1787538751,heavy-toxiproxy-1,0.00%,3.012MiB / 7.654GiB
1787538751,heavy-postgres-1,0.00%,69.8MiB / 1GiB
1787538751,heavy-redis-1,0.91%,9.336MiB / 256MiB
1787538751,heavy-mock-external-1,0.26%,187.2MiB / 1GiB
1787538751,heavy-prometheus-1,0.00%,55.46MiB / 7.654GiB
