1787536024,heavy-coupon-api-1,24.43%,370.4MiB / 1GiB
1787536024,heavy-grafana-1,0.09%,110.9MiB / 7.654GiB
1787536024,heavy-toxiproxy-1,0.01%,3.012MiB / 7.654GiB
1787536024,heavy-postgres-1,0.00%,69.8MiB / 1GiB
1787536024,heavy-redis-1,0.42%,9.336MiB / 256MiB
1787536024,heavy-mock-external-1,0.06%,177.7MiB / 1GiB
1787536024,heavy-prometheus-1,0.00%,49.65MiB / 7.654GiB
1787536029,heavy-coupon-api-1,45.46%,373.2MiB / 1GiB
1787536029,heavy-grafana-1,0.15%,110.9MiB / 7.654GiB
1787536029,heavy-toxiproxy-1,0.00%,3.012MiB / 7.654GiB
1787536029,heavy-postgres-1,0.00%,69.8MiB / 1GiB
1787536029,heavy-redis-1,0.49%,9.336MiB / 256MiB
1787536029,heavy-mock-external-1,0.68%,177.7MiB / 1GiB
1787536029,heavy-prometheus-1,0.87%,49.66MiB / 7.654GiB
1787536033,heavy-coupon-api-1,27.39%,375.7MiB / 1GiB
1787536033,heavy-grafana-1,0.13%,110.9MiB / 7.654GiB
1787536033,heavy-toxiproxy-1,0.00%,3.012MiB / 7.654GiB
1787536033,heavy-postgres-1,0.02%,69.8MiB / 1GiB
1787536033,heavy-redis-1,0.42%,9.336MiB / 256MiB
1787536033,heavy-mock-external-1,0.07%,177.7MiB / 1GiB
1787536033,heavy-prometheus-1,0.05%,49.66MiB / 7.654GiB
1787536038,heavy-coupon-api-1,27.73%,380.9MiB / 1GiB
1787536038,heavy-grafana-1,0.42%,110.9MiB / 7.654GiB
1787536038,heavy-toxiproxy-1,0.00%,3.012MiB / 7.654GiB
1787536038,heavy-postgres-1,0.65%,69.8MiB / 1GiB
1787536038,heavy-redis-1,0.49%,9.336MiB / 256MiB
1787536038,heavy-mock-external-1,0.55%,177.8MiB / 1GiB
1787536038,heavy-prometheus-1,0.18%,49.66MiB / 7.654GiB
1787536042,heavy-coupon-api-1,35.56%,376.5MiB / 1GiB
1787536042,heavy-grafana-1,0.09%,110.9MiB / 7.654GiB
1787536042,heavy-toxiproxy-1,0.00%,3.012MiB / 7.654GiB
1787536042,heavy-postgres-1,0.00%,69.8MiB / 1GiB
1787536042,heavy-redis-1,0.35%,9.336MiB / 256MiB
1787536042,heavy-mock-external-1,0.06%,177.8MiB / 1GiB
1787536042,heavy-prometheus-1,0.18%,49.66MiB / 7.654GiB
1787536047,heavy-coupon-api-1,77.16%,419.8MiB / 1GiB
1787536047,heavy-grafana-1,0.61%,110.9MiB / 7.654GiB
1787536047,heavy-toxiproxy-1,0.00%,3.012MiB / 7.654GiB
1787536047,heavy-postgres-1,3.29%,69.8MiB / 1GiB
1787536047,heavy-redis-1,1.78%,9.336MiB / 256MiB
1787536047,heavy-mock-external-1,3.16%,177.8MiB / 1GiB
1787536047,heavy-prometheus-1,1.12%,49.66MiB / 7.654GiB
1787536051,heavy-coupon-api-1,36.05%,420.1MiB / 1GiB
1787536051,heavy-grafana-1,0.11%,110.9MiB / 7.654GiB
1787536051,heavy-toxiproxy-1,0.00%,3.012MiB / 7.654GiB
1787536051,heavy-postgres-1,0.00%,69.8MiB / 1GiB
1787536051,heavy-redis-1,0.31%,9.336MiB / 256MiB
1787536051,heavy-mock-external-1,0.05%,177.9MiB / 1GiB
1787536051,heavy-prometheus-1,0.10%,49.66MiB / 7.654GiB
1787536055,heavy-coupon-api-1,34.97%,420.5MiB / 1GiB
1787536055,heavy-grafana-1,0.11%,110.9MiB / 7.654GiB
1787536055,heavy-toxiproxy-1,0.00%,3.012MiB / 7.654GiB
1787536055,heavy-postgres-1,1.01%,69.8MiB / 1GiB
1787536055,heavy-redis-1,0.49%,9.336MiB / 256MiB
1787536055,heavy-mock-external-1,1.87%,178.1MiB / 1GiB
1787536055,heavy-prometheus-1,0.41%,49.66MiB / 7.654GiB
1787536060,heavy-coupon-api-1,47.76%,419.2MiB / 1GiB
1787536060,heavy-grafana-1,0.18%,110.9MiB / 7.654GiB
1787536060,heavy-toxiproxy-1,0.00%,3.012MiB / 7.654GiB
1787536060,heavy-postgres-1,0.00%,69.8MiB / 1GiB
1787536060,heavy-redis-1,0.30%,9.336MiB / 256MiB
1787536060,heavy-mock-external-1,4.22%,178MiB / 1GiB
1787536060,heavy-prometheus-1,1.40%,49.67MiB / 7.654GiB
1787536065,heavy-coupon-api-1,64.52%,420MiB / 1GiB
1787536065,heavy-grafana-1,0.48%,110.9MiB / 7.654GiB
1787536065,heavy-toxiproxy-1,0.00%,3.012MiB / 7.654GiB
1787536065,heavy-postgres-1,2.50%,69.8MiB / 1GiB
1787536065,heavy-redis-1,1.42%,9.336MiB / 256MiB
1787536065,heavy-mock-external-1,8.34%,178MiB / 1GiB
1787536065,heavy-prometheus-1,0.24%,49.66MiB / 7.654GiB
1787536069,heavy-coupon-api-1,65.60%,420MiB / 1GiB
1787536069,heavy-grafana-1,0.19%,110.9MiB / 7.654GiB
1787536069,heavy-toxiproxy-1,0.00%,3.012MiB / 7.654GiB
1787536069,heavy-postgres-1,0.00%,69.8MiB / 1GiB
1787536069,heavy-redis-1,0.33%,9.336MiB / 256MiB
1787536069,heavy-mock-external-1,0.10%,178MiB / 1GiB
1787536069,heavy-prometheus-1,1.12%,49.68MiB / 7.654GiB
1787536074,heavy-coupon-api-1,54.39%,420.6MiB / 1GiB
1787536074,heavy-grafana-1,0.11%,110.9MiB / 7.654GiB
1787536074,heavy-toxiproxy-1,0.00%,3.012MiB / 7.654GiB
1787536074,heavy-postgres-1,1.31%,69.8MiB / 1GiB
1787536074,heavy-redis-1,0.75%,9.336MiB / 256MiB
1787536074,heavy-mock-external-1,0.23%,178MiB / 1GiB
1787536074,heavy-prometheus-1,0.76%,49.67MiB / 7.654GiB
1787536079,heavy-coupon-api-1,57.22%,420.8MiB / 1GiB
1787536079,heavy-grafana-1,0.16%,110.9MiB / 7.654GiB
1787536079,heavy-toxiproxy-1,0.00%,3.012MiB / 7.654GiB
1787536079,heavy-postgres-1,0.43%,69.8MiB / 1GiB
1787536079,heavy-redis-1,0.37%,9.336MiB / 256MiB
1787536079,heavy-mock-external-1,0.05%,178.1MiB / 1GiB
1787536079,heavy-prometheus-1,0.68%,49.68MiB / 7.654GiB
1787536084,heavy-coupon-api-1,48.87%,426.9MiB / 1GiB
1787536084,heavy-grafana-1,0.08%,110.9MiB / 7.654GiB
1787536084,heavy-toxiproxy-1,0.00%,3.012MiB / 7.654GiB
1787536084,heavy-postgres-1,0.69%,69.8MiB / 1GiB
1787536084,heavy-redis-1,0.49%,9.336MiB / 256MiB
1787536084,heavy-mock-external-1,0.65%,178.1MiB / 1GiB
1787536084,heavy-prometheus-1,0.06%,49.67MiB / 7.654GiB
1787536088,heavy-coupon-api-1,57.48%,427.2MiB / 1GiB
1787536088,heavy-grafana-1,8.08%,110.9MiB / 7.654GiB
1787536088,heavy-toxiproxy-1,0.00%,3.012MiB / 7.654GiB
1787536088,heavy-postgres-1,0.01%,69.8MiB / 1GiB
1787536088,heavy-redis-1,0.30%,9.336MiB / 256MiB
1787536088,heavy-mock-external-1,0.36%,178.1MiB / 1GiB
1787536088,heavy-prometheus-1,0.53%,49.67MiB / 7.654GiB
1787536092,heavy-coupon-api-1,60.57%,426.6MiB / 1GiB
1787536092,heavy-grafana-1,0.07%,110.9MiB / 7.654GiB
1787536092,heavy-toxiproxy-1,0.00%,3.012MiB / 7.654GiB
1787536092,heavy-postgres-1,1.00%,69.83MiB / 1GiB
1787536092,heavy-redis-1,0.69%,9.336MiB / 256MiB
1787536092,heavy-mock-external-1,0.66%,178.2MiB / 1GiB
1787536092,heavy-prometheus-1,0.07%,49.67MiB / 7.654GiB
1787536097,heavy-coupon-api-1,56.43%,423MiB / 1GiB
1787536097,heavy-grafana-1,0.85%,110.9MiB / 7.654GiB
1787536097,heavy-toxiproxy-1,0.00%,3.012MiB / 7.654GiB
1787536097,heavy-postgres-1,0.00%,69.8MiB / 1GiB
1787536097,heavy-redis-1,0.25%,9.336MiB / 256MiB
1787536097,heavy-mock-external-1,0.05%,178.1MiB / 1GiB
1787536097,heavy-prometheus-1,0.00%,49.68MiB / 7.654GiB
1787536101,heavy-coupon-api-1,63.40%,423.6MiB / 1GiB
1787536101,heavy-grafana-1,0.10%,110.9MiB / 7.654GiB
1787536101,heavy-toxiproxy-1,0.00%,3.012MiB / 7.654GiB
1787536101,heavy-postgres-1,0.00%,69.8MiB / 1GiB
1787536101,heavy-redis-1,0.61%,9.336MiB / 256MiB
1787536101,heavy-mock-external-1,0.67%,178.2MiB / 1GiB
1787536101,heavy-prometheus-1,0.00%,49.68MiB / 7.654GiB
1787536106,heavy-coupon-api-1,64.92%,423MiB / 1GiB
1787536106,heavy-grafana-1,0.11%,110.9MiB / 7.654GiB
1787536106,heavy-toxiproxy-1,0.00%,3.012MiB / 7.654GiB
1787536106,heavy-postgres-1,0.00%,69.8MiB / 1GiB
1787536106,heavy-redis-1,0.26%,9.336MiB / 256MiB
1787536106,heavy-mock-external-1,0.05%,178.2MiB / 1GiB
1787536106,heavy-prometheus-1,0.16%,49.68MiB / 7.654GiB
1787536110,heavy-coupon-api-1,69.54%,424.3MiB / 1GiB
1787536110,heavy-grafana-1,0.10%,110.9MiB / 7.654GiB
1787536110,heavy-toxiproxy-1,0.00%,3.012MiB / 7.654GiB
1787536110,heavy-postgres-1,0.88%,69.86MiB / 1GiB
1787536110,heavy-redis-1,0.57%,9.336MiB / 256MiB
1787536110,heavy-mock-external-1,1.28%,178.2MiB / 1GiB
1787536110,heavy-prometheus-1,0.15%,49.69MiB / 7.654GiB
1787536115,heavy-coupon-api-1,79.93%,423.4MiB / 1GiB
1787536115,heavy-grafana-1,0.12%,110.9MiB / 7.654GiB
1787536115,heavy-toxiproxy-1,0.00%,3.012MiB / 7.654GiB
1787536115,heavy-postgres-1,0.39%,69.81MiB / 1GiB
1787536115,heavy-redis-1,0.42%,9.336MiB / 256MiB
1787536115,heavy-mock-external-1,2.86%,178.2MiB / 1GiB
1787536115,heavy-prometheus-1,0.15%,49.7MiB / 7.654GiB
1787536120,heavy-coupon-api-1,84.56%,424MiB / 1GiB
1787536120,heavy-grafana-1,0.09%,110.9MiB / 7.654GiB
1787536120,heavy-toxiproxy-1,0.00%,3.012MiB / 7.654GiB
1787536120,heavy-postgres-1,0.70%,69.8MiB / 1GiB
1787536120,heavy-redis-1,1.54%,9.336MiB / 256MiB
1787536120,heavy-mock-external-1,0.37%,178.3MiB / 1GiB
1787536120,heavy-prometheus-1,5.00%,49.95MiB / 7.654GiB
1787536124,heavy-coupon-api-1,95.90%,424.2MiB / 1GiB
1787536124,heavy-grafana-1,0.12%,110.9MiB / 7.654GiB
1787536124,heavy-toxiproxy-1,0.00%,3.012MiB / 7.654GiB
1787536124,heavy-postgres-1,0.00%,69.8MiB / 1GiB
1787536124,heavy-redis-1,0.36%,9.336MiB / 256MiB
1787536124,heavy-mock-external-1,0.07%,178.3MiB / 1GiB
1787536124,heavy-prometheus-1,2.42%,49.7MiB / 7.654GiB
1787536129,heavy-coupon-api-1,81.82%,424.2MiB / 1GiB
1787536129,heavy-grafana-1,0.07%,110.9MiB / 7.654GiB
1787536129,heavy-toxiproxy-1,0.00%,3.012MiB / 7.654GiB
1787536129,heavy-postgres-1,0.72%,69.8MiB / 1GiB
1787536129,heavy-redis-1,0.29%,9.586MiB / 256MiB
1787536129,heavy-mock-external-1,0.76%,178.3MiB / 1GiB
1787536129,heavy-prometheus-1,0.57%,49.7MiB / 7.654GiB
1787536134,heavy-coupon-api-1,90.95%,424MiB / 1GiB
1787536134,heavy-grafana-1,0.11%,110.9MiB / 7.654GiB
1787536134,heavy-toxiproxy-1,0.00%,3.012MiB / 7.654GiB
1787536134,heavy-postgres-1,0.01%,69.8MiB / 1GiB
1787536134,heavy-redis-1,0.32%,9.336MiB / 256MiB
1787536134,heavy-mock-external-1,0.05%,178.3MiB / 1GiB
1787536134,heavy-prometheus-1,0.49%,49.7MiB / 7.654GiB
1787536138,heavy-coupon-api-1,87.69%,424.6MiB / 1GiB
1787536138,heavy-grafana-1,0.77%,110.9MiB / 7.654GiB
1787536138,heavy-toxiproxy-1,0.00%,3.012MiB / 7.654GiB
1787536138,heavy-postgres-1,1.32%,69.85MiB / 1GiB
1787536138,heavy-redis-1,0.91%,9.34MiB / 256MiB
1787536138,heavy-mock-external-1,0.77%,178.3MiB / 1GiB
1787536138,heavy-prometheus-1,0.07%,49.7MiB / 7.654GiB
1787536142,heavy-coupon-api-1,93.84%,424.4MiB / 1GiB
1787536142,heavy-grafana-1,0.41%,110.9MiB / 7.654GiB
1787536142,heavy-toxiproxy-1,0.00%,3.012MiB / 7.654GiB
1787536142,heavy-postgres-1,0.00%,69.8MiB / 1GiB
1787536142,heavy-redis-1,0.37%,9.336MiB / 256MiB
1787536142,heavy-mock-external-1,0.05%,178.3MiB / 1GiB
1787536142,heavy-prometheus-1,0.00%,49.7MiB / 7.654GiB
1787536147,heavy-coupon-api-1,101.10%,424.2MiB / 1GiB
1787536147,heavy-grafana-1,2.64%,110.9MiB / 7.654GiB
1787536147,heavy-toxiproxy-1,0.00%,3.012MiB / 7.654GiB
1787536147,heavy-postgres-1,0.87%,69.8MiB / 1GiB
1787536147,heavy-redis-1,0.59%,9.336MiB / 256MiB
1787536147,heavy-mock-external-1,0.61%,178.3MiB / 1GiB
1787536147,heavy-prometheus-1,0.00%,49.7MiB / 7.654GiB
1787536151,heavy-coupon-api-1,95.46%,424.5MiB / 1GiB
1787536151,heavy-grafana-1,0.09%,110.9MiB / 7.654GiB
1787536151,heavy-toxiproxy-1,0.00%,3.012MiB / 7.654GiB
1787536151,heavy-postgres-1,0.00%,69.8MiB / 1GiB
1787536151,heavy-redis-1,0.25%,9.348MiB / 256MiB
1787536151,heavy-mock-external-1,0.04%,178.4MiB / 1GiB
1787536151,heavy-prometheus-1,0.30%,49.7MiB / 7.654GiB
1787536156,heavy-coupon-api-1,93.64%,424.9MiB / 1GiB
1787536156,heavy-grafana-1,0.09%,110.9MiB / 7.654GiB
1787536156,heavy-toxiproxy-1,0.00%,3.012MiB / 7.654GiB
1787536156,heavy-postgres-1,2.86%,69.81MiB / 1GiB
1787536156,heavy-redis-1,1.18%,9.336MiB / 256MiB
1787536156,heavy-mock-external-1,1.84%,180.4MiB / 1GiB
1787536156,heavy-prometheus-1,0.14%,49.7MiB / 7.654GiB
1787536160,heavy-coupon-api-1,49.86%,433MiB / 1GiB
1787536160,heavy-grafana-1,2.05%,110.9MiB / 7.654GiB
1787536160,heavy-toxiproxy-1,0.00%,3.012MiB / 7.654GiB
1787536160,heavy-postgres-1,0.00%,69.8MiB / 1GiB
1787536160,heavy-redis-1,0.82%,9.336MiB / 256MiB
1787536160,heavy-mock-external-1,2.25%,178.4MiB / 1GiB
1787536160,heavy-prometheus-1,0.33%,49.71MiB / 7.654GiB
1787536165,heavy-coupon-api-1,102.50%,444.6MiB / 1GiB
1787536165,heavy-grafana-1,0.20%,110.9MiB / 7.654GiB
1787536165,heavy-toxiproxy-1,0.00%,3.012MiB / 7.654GiB
1787536165,heavy-postgres-1,0.94%,69.83MiB / 1GiB
1787536165,heavy-redis-1,1.96%,9.359MiB / 256MiB
1787536165,heavy-mock-external-1,10.26%,178.5MiB / 1GiB
1787536165,heavy-prometheus-1,0.76%,49.7MiB / 7.654GiB
1787536170,heavy-coupon-api-1,99.43%,505.6MiB / 1GiB
1787536170,heavy-grafana-1,0.60%,110.9MiB / 7.654GiB
1787536170,heavy-toxiproxy-1,0.00%,3.012MiB / 7.654GiB
1787536170,heavy-postgres-1,0.00%,69.8MiB / 1GiB
1787536170,heavy-redis-1,0.30%,9.336MiB / 256MiB
1787536170,heavy-mock-external-1,2.62%,178.5MiB / 1GiB
1787536170,heavy-prometheus-1,0.14%,49.71MiB / 7.654GiB
1787536175,heavy-coupon-api-1,82.43%,498.6MiB / 1GiB
1787536175,heavy-grafana-1,0.28%,110.9MiB / 7.654GiB
1787536175,heavy-toxiproxy-1,0.00%,3.012MiB / 7.654GiB
1787536175,heavy-postgres-1,1.29%,69.8MiB / 1GiB
1787536175,heavy-redis-1,1.36%,9.336MiB / 256MiB
1787536175,heavy-mock-external-1,4.91%,178.5MiB / 1GiB
1787536175,heavy-prometheus-1,0.43%,49.71MiB / 7.654GiB
