1787647556,heavy-coupon-api-1,31.42%,376.8MiB / 1GiB
1787647556,heavy-mock-external-1,4.00%,217MiB / 1GiB
1787647556,heavy-grafana-1,0.15%,274.4MiB / 7.654GiB
1787647556,heavy-toxiproxy-1,0.00%,12.24MiB / 7.654GiB
1787647556,heavy-postgres-1,0.03%,82.03MiB / 1GiB
1787647556,heavy-redis-1,0.61%,19.24MiB / 256MiB
1787647556,heavy-prometheus-1,0.81%,119.5MiB / 7.654GiB
1787647560,heavy-coupon-api-1,14.94%,378.3MiB / 1GiB
1787647560,heavy-mock-external-1,4.22%,211MiB / 1GiB
1787647560,heavy-grafana-1,1.13%,274.4MiB / 7.654GiB
1787647560,heavy-toxiproxy-1,0.00%,12.24MiB / 7.654GiB
1787647560,heavy-postgres-1,0.58%,82.6MiB / 1GiB
1787647560,heavy-redis-1,0.96%,19.25MiB / 256MiB
1787647560,heavy-prometheus-1,0.10%,119.6MiB / 7.654GiB
1787647565,heavy-coupon-api-1,13.41%,379.7MiB / 1GiB
1787647565,heavy-mock-external-1,0.12%,211MiB / 1GiB
1787647565,heavy-grafana-1,0.27%,274.4MiB / 7.654GiB
1787647565,heavy-toxiproxy-1,0.00%,12.24MiB / 7.654GiB
1787647565,heavy-postgres-1,0.03%,82.6MiB / 1GiB
1787647565,heavy-redis-1,0.79%,19.25MiB / 256MiB
1787647565,heavy-prometheus-1,0.05%,119.8MiB / 7.654GiB
1787647569,heavy-coupon-api-1,23.10%,381.4MiB / 1GiB
1787647569,heavy-mock-external-1,0.38%,211MiB / 1GiB
1787647569,heavy-grafana-1,0.17%,274.4MiB / 7.654GiB
1787647569,heavy-toxiproxy-1,0.00%,12.24MiB / 7.654GiB
1787647569,heavy-postgres-1,0.05%,82.6MiB / 1GiB
1787647569,heavy-redis-1,0.75%,19.25MiB / 256MiB
1787647569,heavy-prometheus-1,0.00%,121.9MiB / 7.654GiB
1787647574,heavy-coupon-api-1,9.99%,385.8MiB / 1GiB
1787647574,heavy-mock-external-1,0.23%,211.1MiB / 1GiB
1787647574,heavy-grafana-1,0.26%,274.4MiB / 7.654GiB
1787647574,heavy-toxiproxy-1,0.00%,12.24MiB / 7.654GiB
1787647574,heavy-postgres-1,0.03%,82.6MiB / 1GiB
1787647574,heavy-redis-1,0.87%,19.25MiB / 256MiB
1787647574,heavy-prometheus-1,1.23%,124.2MiB / 7.654GiB
1787647578,heavy-coupon-api-1,15.27%,388MiB / 1GiB
1787647578,heavy-mock-external-1,0.12%,211.1MiB / 1GiB
1787647578,heavy-grafana-1,0.30%,274.4MiB / 7.654GiB
1787647578,heavy-toxiproxy-1,0.00%,12.24MiB / 7.654GiB
1787647578,heavy-postgres-1,0.71%,82.63MiB / 1GiB
1787647578,heavy-redis-1,0.71%,19.25MiB / 256MiB
1787647578,heavy-prometheus-1,0.00%,124.3MiB / 7.654GiB
1787647583,heavy-coupon-api-1,19.98%,388.5MiB / 1GiB
1787647583,heavy-mock-external-1,0.14%,211.1MiB / 1GiB
1787647583,heavy-grafana-1,0.11%,274.4MiB / 7.654GiB
1787647583,heavy-toxiproxy-1,0.00%,12.24MiB / 7.654GiB
1787647583,heavy-postgres-1,0.05%,82.63MiB / 1GiB
1787647583,heavy-redis-1,0.79%,19.25MiB / 256MiB
1787647583,heavy-prometheus-1,0.00%,124.8MiB / 7.654GiB
1787647588,heavy-coupon-api-1,12.24%,388.8MiB / 1GiB
1787647588,heavy-mock-external-1,0.15%,211.1MiB / 1GiB
1787647588,heavy-grafana-1,0.62%,274.4MiB / 7.654GiB
1787647588,heavy-toxiproxy-1,0.00%,12.24MiB / 7.654GiB
1787647588,heavy-postgres-1,0.02%,82.63MiB / 1GiB
1787647588,heavy-redis-1,0.77%,19.25MiB / 256MiB
1787647588,heavy-prometheus-1,0.00%,125.2MiB / 7.654GiB
1787647592,heavy-coupon-api-1,10.24%,389.1MiB / 1GiB
1787647592,heavy-mock-external-1,0.25%,211.2MiB / 1GiB
1787647592,heavy-grafana-1,0.22%,274.4MiB / 7.654GiB
1787647592,heavy-toxiproxy-1,0.00%,12.24MiB / 7.654GiB
1787647592,heavy-postgres-1,0.03%,82.63MiB / 1GiB
1787647592,heavy-redis-1,0.79%,19.25MiB / 256MiB
1787647592,heavy-prometheus-1,0.00%,125.6MiB / 7.654GiB
1787647596,heavy-coupon-api-1,13.61%,389.8MiB / 1GiB
1787647596,heavy-mock-external-1,0.43%,211.2MiB / 1GiB
1787647596,heavy-grafana-1,0.24%,274.4MiB / 7.654GiB
1787647596,heavy-toxiproxy-1,0.00%,12.24MiB / 7.654GiB
1787647596,heavy-postgres-1,0.51%,82.63MiB / 1GiB
1787647596,heavy-redis-1,1.24%,19.26MiB / 256MiB
1787647596,heavy-prometheus-1,0.00%,128MiB / 7.654GiB
1787647601,heavy-coupon-api-1,18.22%,392.7MiB / 1GiB
1787647601,heavy-mock-external-1,0.12%,211.2MiB / 1GiB
1787647601,heavy-grafana-1,0.32%,276.5MiB / 7.654GiB
1787647601,heavy-toxiproxy-1,0.00%,12.24MiB / 7.654GiB
1787647601,heavy-postgres-1,0.02%,83.2MiB / 1GiB
1787647601,heavy-redis-1,0.68%,19.25MiB / 256MiB
1787647601,heavy-prometheus-1,0.17%,128.1MiB / 7.654GiB
1787647606,heavy-coupon-api-1,11.59%,394MiB / 1GiB
1787647606,heavy-mock-external-1,3.93%,211.3MiB / 1GiB
1787647606,heavy-grafana-1,0.23%,276.5MiB / 7.654GiB
1787647606,heavy-toxiproxy-1,0.00%,12.24MiB / 7.654GiB
1787647606,heavy-postgres-1,0.72%,83.2MiB / 1GiB
1787647606,heavy-redis-1,1.14%,19.5MiB / 256MiB
1787647606,heavy-prometheus-1,0.82%,128.1MiB / 7.654GiB
1787647610,heavy-coupon-api-1,20.49%,396.4MiB / 1GiB
1787647610,heavy-mock-external-1,3.14%,211.3MiB / 1GiB
1787647610,heavy-grafana-1,1.09%,276.5MiB / 7.654GiB
1787647610,heavy-toxiproxy-1,0.00%,12.24MiB / 7.654GiB
1787647610,heavy-postgres-1,0.33%,83.2MiB / 1GiB
1787647610,heavy-redis-1,0.89%,19.25MiB / 256MiB
1787647610,heavy-prometheus-1,0.12%,128.4MiB / 7.654GiB
1787647615,heavy-coupon-api-1,14.61%,397.3MiB / 1GiB
1787647615,heavy-mock-external-1,0.10%,211.3MiB / 1GiB
1787647615,heavy-grafana-1,0.16%,276.5MiB / 7.654GiB
1787647615,heavy-toxiproxy-1,0.00%,12.24MiB / 7.654GiB
1787647615,heavy-postgres-1,0.55%,83.2MiB / 1GiB
1787647615,heavy-redis-1,1.11%,19.25MiB / 256MiB
1787647615,heavy-prometheus-1,1.16%,128.7MiB / 7.654GiB
1787647619,heavy-coupon-api-1,11.55%,400.7MiB / 1GiB
1787647619,heavy-mock-external-1,0.16%,211.3MiB / 1GiB
1787647619,heavy-grafana-1,0.27%,276.5MiB / 7.654GiB
1787647619,heavy-toxiproxy-1,0.00%,12.24MiB / 7.654GiB
1787647619,heavy-postgres-1,1.34%,83.2MiB / 1GiB
1787647619,heavy-redis-1,1.17%,19.25MiB / 256MiB
1787647619,heavy-prometheus-1,1.34%,129MiB / 7.654GiB
1787647624,heavy-coupon-api-1,24.58%,403.6MiB / 1GiB
1787647624,heavy-mock-external-1,0.24%,211.4MiB / 1GiB
1787647624,heavy-grafana-1,0.25%,276.5MiB / 7.654GiB
1787647624,heavy-toxiproxy-1,0.00%,12.24MiB / 7.654GiB
1787647624,heavy-postgres-1,0.71%,83.21MiB / 1GiB
1787647624,heavy-redis-1,1.39%,19.26MiB / 256MiB
1787647624,heavy-prometheus-1,1.64%,129.3MiB / 7.654GiB
1787647628,heavy-coupon-api-1,15.32%,409MiB / 1GiB
1787647628,heavy-mock-external-1,0.11%,211.4MiB / 1GiB
1787647628,heavy-grafana-1,0.20%,276.5MiB / 7.654GiB
1787647628,heavy-toxiproxy-1,0.00%,12.24MiB / 7.654GiB
1787647628,heavy-postgres-1,0.03%,83.2MiB / 1GiB
1787647628,heavy-redis-1,0.89%,19.25MiB / 256MiB
1787647628,heavy-prometheus-1,0.00%,129.3MiB / 7.654GiB
1787647633,heavy-coupon-api-1,13.71%,412.7MiB / 1GiB
1787647633,heavy-mock-external-1,0.13%,211.5MiB / 1GiB
1787647633,heavy-grafana-1,0.25%,276.5MiB / 7.654GiB
1787647633,heavy-toxiproxy-1,0.00%,12.24MiB / 7.654GiB
1787647633,heavy-postgres-1,0.07%,83.2MiB / 1GiB
1787647633,heavy-redis-1,0.92%,19.25MiB / 256MiB
1787647633,heavy-prometheus-1,0.00%,131.6MiB / 7.654GiB
1787647638,heavy-coupon-api-1,16.26%,414.2MiB / 1GiB
1787647638,heavy-mock-external-1,0.21%,211.5MiB / 1GiB
1787647638,heavy-grafana-1,0.51%,276.5MiB / 7.654GiB
1787647638,heavy-toxiproxy-1,0.00%,12.24MiB / 7.654GiB
1787647638,heavy-postgres-1,0.03%,83.2MiB / 1GiB
1787647638,heavy-redis-1,0.91%,19.25MiB / 256MiB
1787647638,heavy-prometheus-1,0.00%,131.8MiB / 7.654GiB
1787647642,heavy-coupon-api-1,10.12%,416.4MiB / 1GiB
1787647642,heavy-mock-external-1,0.68%,211.6MiB / 1GiB
1787647642,heavy-grafana-1,0.32%,276.5MiB / 7.654GiB
1787647642,heavy-toxiproxy-1,0.00%,12.24MiB / 7.654GiB
1787647642,heavy-postgres-1,0.75%,83.2MiB / 1GiB
1787647642,heavy-redis-1,1.21%,19.26MiB / 256MiB
1787647642,heavy-prometheus-1,0.00%,131.9MiB / 7.654GiB
1787647646,heavy-coupon-api-1,10.07%,421.3MiB / 1GiB
1787647646,heavy-mock-external-1,0.17%,211.6MiB / 1GiB
1787647646,heavy-grafana-1,0.23%,276.5MiB / 7.654GiB
1787647646,heavy-toxiproxy-1,0.00%,12.24MiB / 7.654GiB
1787647646,heavy-postgres-1,0.17%,83.2MiB / 1GiB
1787647646,heavy-redis-1,0.96%,19.25MiB / 256MiB
1787647646,heavy-prometheus-1,0.44%,132.2MiB / 7.654GiB
1787647651,heavy-coupon-api-1,6.96%,423.3MiB / 1GiB
1787647651,heavy-mock-external-1,0.57%,211.7MiB / 1GiB
1787647651,heavy-grafana-1,0.19%,276.5MiB / 7.654GiB
1787647651,heavy-toxiproxy-1,0.00%,12.24MiB / 7.654GiB
1787647651,heavy-postgres-1,0.61%,83.2MiB / 1GiB
1787647651,heavy-redis-1,1.01%,19.25MiB / 256MiB
1787647651,heavy-prometheus-1,0.21%,132.9MiB / 7.654GiB
1787647656,heavy-coupon-api-1,7.70%,448.6MiB / 1GiB
1787647656,heavy-mock-external-1,1.84%,211.7MiB / 1GiB
1787647656,heavy-grafana-1,1.06%,276.7MiB / 7.654GiB
1787647656,heavy-toxiproxy-1,0.00%,12.24MiB / 7.654GiB
1787647656,heavy-postgres-1,0.17%,83.2MiB / 1GiB
1787647656,heavy-redis-1,0.84%,19.25MiB / 256MiB
1787647656,heavy-prometheus-1,0.47%,133.3MiB / 7.654GiB
1787647660,heavy-coupon-api-1,9.05%,448.6MiB / 1GiB
1787647660,heavy-mock-external-1,2.74%,211.8MiB / 1GiB
1787647660,heavy-grafana-1,3.75%,276.7MiB / 7.654GiB
1787647660,heavy-toxiproxy-1,0.00%,12.24MiB / 7.654GiB
1787647660,heavy-postgres-1,0.89%,83.2MiB / 1GiB
1787647660,heavy-redis-1,1.21%,19.25MiB / 256MiB
1787647660,heavy-prometheus-1,0.11%,135.6MiB / 7.654GiB
1787647665,heavy-coupon-api-1,9.67%,448.6MiB / 1GiB
1787647665,heavy-mock-external-1,0.22%,211.8MiB / 1GiB
1787647665,heavy-grafana-1,0.19%,278.7MiB / 7.654GiB
1787647665,heavy-toxiproxy-1,0.00%,12.24MiB / 7.654GiB
1787647665,heavy-postgres-1,0.08%,83.2MiB / 1GiB
1787647665,heavy-redis-1,1.13%,19.25MiB / 256MiB
1787647665,heavy-prometheus-1,0.07%,135.6MiB / 7.654GiB
1787647669,heavy-coupon-api-1,8.19%,448.6MiB / 1GiB
1787647669,heavy-mock-external-1,0.59%,211.8MiB / 1GiB
1787647669,heavy-grafana-1,0.27%,278.7MiB / 7.654GiB
1787647669,heavy-toxiproxy-1,0.00%,12.24MiB / 7.654GiB
1787647669,heavy-postgres-1,0.77%,83.2MiB / 1GiB
1787647669,heavy-redis-1,1.30%,19.25MiB / 256MiB
1787647669,heavy-prometheus-1,0.03%,135.9MiB / 7.654GiB
1787647674,heavy-coupon-api-1,10.63%,449.1MiB / 1GiB
1787647674,heavy-mock-external-1,0.21%,211.9MiB / 1GiB
1787647674,heavy-grafana-1,0.24%,278.7MiB / 7.654GiB
1787647674,heavy-toxiproxy-1,0.00%,12.24MiB / 7.654GiB
1787647674,heavy-postgres-1,0.00%,83.2MiB / 1GiB
1787647674,heavy-redis-1,0.91%,19.25MiB / 256MiB
1787647674,heavy-prometheus-1,1.62%,136MiB / 7.654GiB
1787647679,heavy-coupon-api-1,8.09%,448.6MiB / 1GiB
1787647679,heavy-mock-external-1,0.13%,212.1MiB / 1GiB
1787647679,heavy-grafana-1,0.14%,278.7MiB / 7.654GiB
1787647679,heavy-toxiproxy-1,0.00%,12.24MiB / 7.654GiB
1787647679,heavy-postgres-1,0.62%,83.21MiB / 1GiB
1787647679,heavy-redis-1,0.78%,19.51MiB / 256MiB
1787647679,heavy-prometheus-1,0.08%,136MiB / 7.654GiB
1787647683,heavy-coupon-api-1,9.68%,448.7MiB / 1GiB
1787647683,heavy-mock-external-1,0.13%,212.2MiB / 1GiB
1787647683,heavy-grafana-1,0.13%,278.7MiB / 7.654GiB
1787647683,heavy-toxiproxy-1,0.00%,12.24MiB / 7.654GiB
1787647683,heavy-postgres-1,0.00%,83.2MiB / 1GiB
1787647683,heavy-redis-1,1.03%,19.26MiB / 256MiB
1787647683,heavy-prometheus-1,0.00%,136.1MiB / 7.654GiB
1787647688,heavy-coupon-api-1,8.10%,449.4MiB / 1GiB
1787647688,heavy-mock-external-1,0.13%,212.2MiB / 1GiB
1787647688,heavy-grafana-1,0.24%,278.7MiB / 7.654GiB
1787647688,heavy-toxiproxy-1,0.00%,12.24MiB / 7.654GiB
1787647688,heavy-postgres-1,0.00%,83.21MiB / 1GiB
1787647688,heavy-redis-1,0.83%,19.26MiB / 256MiB
1787647688,heavy-prometheus-1,0.00%,136.1MiB / 7.654GiB
1787647692,heavy-coupon-api-1,8.13%,448.7MiB / 1GiB
1787647692,heavy-mock-external-1,0.80%,212.2MiB / 1GiB
1787647692,heavy-grafana-1,0.20%,278.7MiB / 7.654GiB
1787647692,heavy-toxiproxy-1,0.00%,12.24MiB / 7.654GiB
1787647692,heavy-postgres-1,0.03%,83.2MiB / 1GiB
1787647692,heavy-redis-1,0.97%,19.26MiB / 256MiB
1787647692,heavy-prometheus-1,0.00%,136.1MiB / 7.654GiB
1787647696,heavy-coupon-api-1,8.36%,448.7MiB / 1GiB
1787647696,heavy-mock-external-1,0.40%,212.3MiB / 1GiB
1787647696,heavy-grafana-1,0.25%,278.7MiB / 7.654GiB
1787647696,heavy-toxiproxy-1,0.00%,12.24MiB / 7.654GiB
1787647696,heavy-postgres-1,0.53%,83.23MiB / 1GiB
1787647696,heavy-redis-1,1.39%,19.26MiB / 256MiB
1787647696,heavy-prometheus-1,0.41%,136.1MiB / 7.654GiB
1787647701,heavy-coupon-api-1,12.36%,448.8MiB / 1GiB
1787647701,heavy-mock-external-1,0.08%,212.4MiB / 1GiB
1787647701,heavy-grafana-1,0.11%,278.7MiB / 7.654GiB
1787647701,heavy-toxiproxy-1,0.00%,12.24MiB / 7.654GiB
1787647701,heavy-postgres-1,0.00%,83.2MiB / 1GiB
1787647701,heavy-redis-1,0.76%,19.26MiB / 256MiB
1787647701,heavy-prometheus-1,0.28%,136.1MiB / 7.654GiB
1787647706,heavy-coupon-api-1,30.09%,448.7MiB / 1GiB
1787647706,heavy-mock-external-1,3.20%,212.4MiB / 1GiB
1787647706,heavy-grafana-1,0.10%,278.7MiB / 7.654GiB
1787647706,heavy-toxiproxy-1,0.00%,12.24MiB / 7.654GiB
1787647706,heavy-postgres-1,0.64%,83.2MiB / 1GiB
1787647706,heavy-redis-1,0.66%,19.51MiB / 256MiB
1787647706,heavy-prometheus-1,0.54%,136.1MiB / 7.654GiB
1787647710,heavy-coupon-api-1,24.31%,450.4MiB / 1GiB
1787647710,heavy-mock-external-1,2.11%,212.4MiB / 1GiB
1787647710,heavy-grafana-1,1.47%,278.7MiB / 7.654GiB
1787647710,heavy-toxiproxy-1,0.00%,12.24MiB / 7.654GiB
1787647710,heavy-postgres-1,0.00%,83.2MiB / 1GiB
1787647710,heavy-redis-1,0.61%,19.26MiB / 256MiB
1787647710,heavy-prometheus-1,0.06%,136.1MiB / 7.654GiB
1787647715,heavy-coupon-api-1,15.31%,454.7MiB / 1GiB
1787647715,heavy-mock-external-1,0.46%,212.4MiB / 1GiB
1787647715,heavy-grafana-1,0.19%,278.7MiB / 7.654GiB
1787647715,heavy-toxiproxy-1,0.00%,12.24MiB / 7.654GiB
1787647715,heavy-postgres-1,0.00%,83.2MiB / 1GiB
1787647715,heavy-redis-1,0.85%,19.26MiB / 256MiB
1787647715,heavy-prometheus-1,0.40%,136.1MiB / 7.654GiB
1787647719,heavy-coupon-api-1,8.58%,447.8MiB / 1GiB
1787647719,heavy-mock-external-1,0.24%,212.4MiB / 1GiB
1787647719,heavy-grafana-1,0.23%,278.7MiB / 7.654GiB
1787647719,heavy-toxiproxy-1,0.00%,12.24MiB / 7.654GiB
1787647719,heavy-postgres-1,0.01%,83.2MiB / 1GiB
1787647719,heavy-redis-1,1.06%,19.26MiB / 256MiB
1787647719,heavy-prometheus-1,0.00%,136.1MiB / 7.654GiB
1787647724,heavy-coupon-api-1,7.30%,447.2MiB / 1GiB
1787647724,heavy-mock-external-1,0.49%,212.5MiB / 1GiB
1787647724,heavy-grafana-1,0.17%,278.7MiB / 7.654GiB
1787647724,heavy-toxiproxy-1,0.00%,12.24MiB / 7.654GiB
1787647724,heavy-postgres-1,0.58%,83.2MiB / 1GiB
1787647724,heavy-redis-1,0.97%,19.26MiB / 256MiB
1787647724,heavy-prometheus-1,0.00%,136.1MiB / 7.654GiB
1787647728,heavy-coupon-api-1,6.27%,446.3MiB / 1GiB
1787647728,heavy-mock-external-1,0.10%,212.5MiB / 1GiB
1787647728,heavy-grafana-1,0.23%,278.7MiB / 7.654GiB
1787647728,heavy-toxiproxy-1,0.00%,12.24MiB / 7.654GiB
1787647728,heavy-postgres-1,0.00%,83.2MiB / 1GiB
1787647728,heavy-redis-1,0.84%,19.26MiB / 256MiB
1787647728,heavy-prometheus-1,0.00%,138.2MiB / 7.654GiB
1787647733,heavy-coupon-api-1,12.64%,445.9MiB / 1GiB
1787647733,heavy-mock-external-1,0.19%,212.6MiB / 1GiB
1787647733,heavy-grafana-1,0.30%,278.7MiB / 7.654GiB
1787647733,heavy-toxiproxy-1,0.00%,12.24MiB / 7.654GiB
1787647733,heavy-postgres-1,0.01%,83.23MiB / 1GiB
1787647733,heavy-redis-1,0.94%,19.26MiB / 256MiB
1787647733,heavy-prometheus-1,0.00%,138.2MiB / 7.654GiB
