1787230583,heavy-coupon-api-1,44.36%,413.8MiB / 512MiB
1787230583,heavy-mock-external-1,3.04%,176.9MiB / 1GiB
1787230583,heavy-grafana-1,0.11%,262.6MiB / 7.653GiB
1787230583,heavy-toxiproxy-1,0.00%,5.055MiB / 7.653GiB
1787230583,heavy-prometheus-1,0.12%,122.9MiB / 7.653GiB
1787230583,heavy-postgres-1,0.54%,83.02MiB / 1GiB
1787230583,heavy-redis-1,0.72%,18.8MiB / 256MiB
1787230587,heavy-coupon-api-1,37.25%,424.9MiB / 512MiB
1787230587,heavy-mock-external-1,2.25%,176.9MiB / 1GiB
1787230587,heavy-grafana-1,0.19%,262.6MiB / 7.653GiB
1787230587,heavy-toxiproxy-1,0.00%,5.055MiB / 7.653GiB
1787230587,heavy-prometheus-1,0.52%,122.9MiB / 7.653GiB
1787230587,heavy-postgres-1,0.54%,83.02MiB / 1GiB
1787230587,heavy-redis-1,0.77%,19.05MiB / 256MiB
1787230592,heavy-coupon-api-1,32.42%,427.2MiB / 512MiB
1787230592,heavy-mock-external-1,0.45%,177MiB / 1GiB
1787230592,heavy-grafana-1,0.07%,262.6MiB / 7.653GiB
1787230592,heavy-toxiproxy-1,0.00%,5.055MiB / 7.653GiB
1787230592,heavy-prometheus-1,0.05%,123.1MiB / 7.653GiB
1787230592,heavy-postgres-1,0.59%,83.02MiB / 1GiB
1787230592,heavy-redis-1,0.79%,18.8MiB / 256MiB
1787230596,heavy-coupon-api-1,43.56%,428.2MiB / 512MiB
1787230596,heavy-mock-external-1,0.16%,177MiB / 1GiB
1787230596,heavy-grafana-1,0.20%,262.6MiB / 7.653GiB
1787230596,heavy-toxiproxy-1,0.00%,5.055MiB / 7.653GiB
1787230596,heavy-prometheus-1,0.94%,123.4MiB / 7.653GiB
1787230596,heavy-postgres-1,0.01%,83.02MiB / 1GiB
1787230596,heavy-redis-1,0.92%,18.8MiB / 256MiB
1787230601,heavy-coupon-api-1,30.85%,433.2MiB / 512MiB
1787230601,heavy-mock-external-1,0.69%,177MiB / 1GiB
1787230601,heavy-grafana-1,0.10%,262.6MiB / 7.653GiB
1787230601,heavy-toxiproxy-1,0.00%,5.055MiB / 7.653GiB
1787230601,heavy-prometheus-1,0.94%,123.4MiB / 7.653GiB
1787230601,heavy-postgres-1,0.00%,83.02MiB / 1GiB
1787230601,heavy-redis-1,0.73%,18.8MiB / 256MiB
1787230605,heavy-coupon-api-1,48.58%,431.7MiB / 512MiB
1787230605,heavy-mock-external-1,0.77%,177MiB / 1GiB
1787230605,heavy-grafana-1,0.09%,262.6MiB / 7.653GiB
1787230605,heavy-toxiproxy-1,0.00%,5.055MiB / 7.653GiB
1787230605,heavy-prometheus-1,0.00%,123.4MiB / 7.653GiB
1787230605,heavy-postgres-1,0.00%,83.02MiB / 1GiB
1787230605,heavy-redis-1,0.39%,18.8MiB / 256MiB
1787230610,heavy-coupon-api-1,20.89%,433.1MiB / 512MiB
1787230610,heavy-mock-external-1,0.64%,177MiB / 1GiB
1787230610,heavy-grafana-1,0.38%,262.6MiB / 7.653GiB
1787230610,heavy-toxiproxy-1,0.00%,5.055MiB / 7.653GiB
1787230610,heavy-prometheus-1,0.00%,123.4MiB / 7.653GiB
1787230610,heavy-postgres-1,0.66%,83.02MiB / 1GiB
1787230610,heavy-redis-1,0.93%,18.81MiB / 256MiB
1787230615,heavy-coupon-api-1,35.33%,435.2MiB / 512MiB
1787230615,heavy-mock-external-1,0.86%,177.1MiB / 1GiB
1787230615,heavy-grafana-1,0.21%,262.6MiB / 7.653GiB
1787230615,heavy-toxiproxy-1,0.00%,5.055MiB / 7.653GiB
1787230615,heavy-prometheus-1,0.25%,123.4MiB / 7.653GiB
1787230615,heavy-postgres-1,0.67%,83.02MiB / 1GiB
1787230615,heavy-redis-1,0.80%,19.07MiB / 256MiB
1787230619,heavy-coupon-api-1,40.81%,435.5MiB / 512MiB
1787230619,heavy-mock-external-1,0.55%,177.1MiB / 1GiB
1787230619,heavy-grafana-1,0.41%,262.6MiB / 7.653GiB
1787230619,heavy-toxiproxy-1,0.00%,5.055MiB / 7.653GiB
1787230619,heavy-prometheus-1,0.07%,123.4MiB / 7.653GiB
1787230619,heavy-postgres-1,0.64%,83.02MiB / 1GiB
1787230619,heavy-redis-1,0.93%,18.8MiB / 256MiB
1787230624,heavy-coupon-api-1,44.62%,433.9MiB / 512MiB
1787230624,heavy-mock-external-1,0.44%,177.1MiB / 1GiB
1787230624,heavy-grafana-1,0.21%,262.6MiB / 7.653GiB
1787230624,heavy-toxiproxy-1,0.00%,5.055MiB / 7.653GiB
1787230624,heavy-prometheus-1,0.25%,123.4MiB / 7.653GiB
1787230624,heavy-postgres-1,0.00%,83.02MiB / 1GiB
1787230624,heavy-redis-1,0.78%,18.8MiB / 256MiB
1787230629,heavy-coupon-api-1,23.92%,437.8MiB / 512MiB
1787230629,heavy-mock-external-1,2.66%,177.2MiB / 1GiB
1787230629,heavy-grafana-1,0.83%,262.6MiB / 7.653GiB
1787230629,heavy-toxiproxy-1,0.00%,5.055MiB / 7.653GiB
1787230629,heavy-prometheus-1,0.28%,123.6MiB / 7.653GiB
1787230629,heavy-postgres-1,1.06%,83.02MiB / 1GiB
1787230629,heavy-redis-1,0.88%,18.8MiB / 256MiB
1787230633,heavy-coupon-api-1,39.11%,434.2MiB / 512MiB
1787230633,heavy-mock-external-1,8.06%,177.3MiB / 1GiB
1787230633,heavy-grafana-1,0.22%,262.6MiB / 7.653GiB
1787230633,heavy-toxiproxy-1,0.00%,5.055MiB / 7.653GiB
1787230633,heavy-prometheus-1,0.30%,124.2MiB / 7.653GiB
1787230633,heavy-postgres-1,0.00%,83.04MiB / 1GiB
1787230633,heavy-redis-1,0.73%,18.81MiB / 256MiB
1787230638,heavy-coupon-api-1,30.92%,434.4MiB / 512MiB
1787230638,heavy-mock-external-1,0.56%,177.4MiB / 1GiB
1787230638,heavy-grafana-1,0.15%,262.6MiB / 7.653GiB
1787230638,heavy-toxiproxy-1,0.00%,5.055MiB / 7.653GiB
1787230638,heavy-prometheus-1,0.08%,124.6MiB / 7.653GiB
1787230638,heavy-postgres-1,0.87%,83.02MiB / 1GiB
1787230638,heavy-redis-1,1.00%,18.8MiB / 256MiB
1787230643,heavy-coupon-api-1,34.65%,433.8MiB / 512MiB
1787230643,heavy-mock-external-1,2.28%,177.4MiB / 1GiB
1787230643,heavy-grafana-1,0.20%,262.6MiB / 7.653GiB
1787230643,heavy-toxiproxy-1,0.00%,5.055MiB / 7.653GiB
1787230643,heavy-prometheus-1,0.15%,124.9MiB / 7.653GiB
1787230643,heavy-postgres-1,0.00%,83.02MiB / 1GiB
1787230643,heavy-redis-1,0.68%,18.8MiB / 256MiB
1787230647,heavy-coupon-api-1,39.86%,434.4MiB / 512MiB
1787230647,heavy-mock-external-1,0.66%,177.4MiB / 1GiB
1787230647,heavy-grafana-1,0.12%,262.6MiB / 7.653GiB
1787230647,heavy-toxiproxy-1,0.00%,5.055MiB / 7.653GiB
1787230647,heavy-prometheus-1,0.95%,125MiB / 7.653GiB
1787230647,heavy-postgres-1,0.70%,83.04MiB / 1GiB
1787230647,heavy-redis-1,0.62%,18.8MiB / 256MiB
1787230652,heavy-coupon-api-1,34.43%,435.5MiB / 512MiB
1787230652,heavy-mock-external-1,0.20%,177.5MiB / 1GiB
1787230652,heavy-grafana-1,0.25%,262.6MiB / 7.653GiB
1787230652,heavy-toxiproxy-1,0.00%,5.055MiB / 7.653GiB
1787230652,heavy-prometheus-1,1.12%,125MiB / 7.653GiB
1787230652,heavy-postgres-1,0.00%,83.02MiB / 1GiB
1787230652,heavy-redis-1,0.69%,18.8MiB / 256MiB
1787230655,heavy-coupon-api-1,34.98%,434.8MiB / 512MiB
1787230655,heavy-mock-external-1,0.15%,177.5MiB / 1GiB
1787230655,heavy-grafana-1,0.18%,262.6MiB / 7.653GiB
1787230655,heavy-toxiproxy-1,0.00%,5.055MiB / 7.653GiB
1787230655,heavy-prometheus-1,0.00%,125MiB / 7.653GiB
1787230655,heavy-postgres-1,0.00%,83.04MiB / 1GiB
1787230655,heavy-redis-1,0.63%,18.8MiB / 256MiB
1787230660,heavy-coupon-api-1,32.06%,435MiB / 512MiB
1787230660,heavy-mock-external-1,0.11%,177.5MiB / 1GiB
1787230660,heavy-grafana-1,0.17%,262.6MiB / 7.653GiB
1787230660,heavy-toxiproxy-1,0.00%,5.055MiB / 7.653GiB
1787230660,heavy-prometheus-1,0.00%,125MiB / 7.653GiB
1787230660,heavy-postgres-1,0.00%,83.02MiB / 1GiB
1787230660,heavy-redis-1,0.81%,18.8MiB / 256MiB
1787230665,heavy-coupon-api-1,36.88%,434.9MiB / 512MiB
1787230665,heavy-mock-external-1,0.16%,177.6MiB / 1GiB
1787230665,heavy-grafana-1,0.15%,262.6MiB / 7.653GiB
1787230665,heavy-toxiproxy-1,0.00%,5.055MiB / 7.653GiB
1787230665,heavy-prometheus-1,0.00%,125MiB / 7.653GiB
1787230665,heavy-postgres-1,0.54%,83.04MiB / 1GiB
1787230665,heavy-redis-1,0.52%,19.05MiB / 256MiB
1787230669,heavy-coupon-api-1,44.52%,484.4MiB / 512MiB
1787230669,heavy-mock-external-1,0.09%,177.6MiB / 1GiB
1787230669,heavy-grafana-1,0.36%,262.6MiB / 7.653GiB
1787230669,heavy-toxiproxy-1,0.00%,5.055MiB / 7.653GiB
1787230669,heavy-prometheus-1,0.10%,125MiB / 7.653GiB
1787230669,heavy-postgres-1,0.00%,83.02MiB / 1GiB
1787230669,heavy-redis-1,0.65%,18.8MiB / 256MiB
1787230674,heavy-coupon-api-1,33.85%,509.4MiB / 512MiB
1787230674,heavy-mock-external-1,0.46%,177.6MiB / 1GiB
1787230674,heavy-grafana-1,0.12%,262.6MiB / 7.653GiB
1787230674,heavy-toxiproxy-1,0.00%,5.055MiB / 7.653GiB
1787230674,heavy-prometheus-1,0.15%,125MiB / 7.653GiB
1787230674,heavy-postgres-1,0.69%,83.02MiB / 1GiB
1787230674,heavy-redis-1,0.79%,18.81MiB / 256MiB
1787230679,heavy-coupon-api-1,34.85%,509.5MiB / 512MiB
1787230679,heavy-mock-external-1,0.13%,177.6MiB / 1GiB
1787230679,heavy-grafana-1,0.34%,262.6MiB / 7.653GiB
1787230679,heavy-toxiproxy-1,0.00%,5.055MiB / 7.653GiB
1787230679,heavy-prometheus-1,0.14%,125MiB / 7.653GiB
1787230679,heavy-postgres-1,0.01%,83.02MiB / 1GiB
1787230679,heavy-redis-1,0.53%,18.8MiB / 256MiB
1787230683,heavy-coupon-api-1,33.53%,509.5MiB / 512MiB
1787230683,heavy-mock-external-1,0.51%,177.6MiB / 1GiB
1787230683,heavy-grafana-1,0.13%,262.6MiB / 7.653GiB
1787230683,heavy-toxiproxy-1,0.00%,5.055MiB / 7.653GiB
1787230683,heavy-prometheus-1,0.05%,125MiB / 7.653GiB
1787230683,heavy-postgres-1,0.78%,83.02MiB / 1GiB
1787230683,heavy-redis-1,0.47%,18.8MiB / 256MiB
1787230688,heavy-coupon-api-1,33.89%,509.4MiB / 512MiB
1787230688,heavy-mock-external-1,2.33%,177.9MiB / 1GiB
1787230688,heavy-grafana-1,0.19%,262.6MiB / 7.653GiB
1787230688,heavy-toxiproxy-1,0.00%,5.055MiB / 7.653GiB
1787230688,heavy-prometheus-1,0.05%,125MiB / 7.653GiB
1787230688,heavy-postgres-1,0.02%,83.02MiB / 1GiB
1787230688,heavy-redis-1,0.46%,18.8MiB / 256MiB
1787230693,heavy-coupon-api-1,33.73%,509.4MiB / 512MiB
1787230693,heavy-mock-external-1,1.55%,177.7MiB / 1GiB
1787230693,heavy-grafana-1,0.26%,262.6MiB / 7.653GiB
1787230693,heavy-toxiproxy-1,0.00%,5.055MiB / 7.653GiB
1787230693,heavy-prometheus-1,0.08%,125MiB / 7.653GiB
1787230693,heavy-postgres-1,0.62%,83.02MiB / 1GiB
1787230693,heavy-redis-1,0.63%,18.8MiB / 256MiB
1787230697,heavy-coupon-api-1,33.10%,509.8MiB / 512MiB
1787230697,heavy-mock-external-1,0.09%,177.7MiB / 1GiB
1787230697,heavy-grafana-1,0.14%,262.6MiB / 7.653GiB
1787230697,heavy-toxiproxy-1,0.00%,5.055MiB / 7.653GiB
1787230697,heavy-prometheus-1,0.06%,125MiB / 7.653GiB
1787230697,heavy-postgres-1,0.00%,83.02MiB / 1GiB
1787230697,heavy-redis-1,0.82%,18.8MiB / 256MiB
1787230701,heavy-coupon-api-1,29.50%,509.7MiB / 512MiB
1787230701,heavy-mock-external-1,0.12%,177.7MiB / 1GiB
1787230701,heavy-grafana-1,0.15%,262.6MiB / 7.653GiB
1787230701,heavy-toxiproxy-1,0.00%,5.055MiB / 7.653GiB
1787230701,heavy-prometheus-1,0.61%,125MiB / 7.653GiB
1787230701,heavy-postgres-1,0.00%,83.02MiB / 1GiB
1787230701,heavy-redis-1,0.41%,18.8MiB / 256MiB
1787230705,heavy-coupon-api-1,49.91%,458.8MiB / 512MiB
1787230705,heavy-mock-external-1,0.08%,177.8MiB / 1GiB
1787230705,heavy-grafana-1,0.14%,262.6MiB / 7.653GiB
1787230705,heavy-toxiproxy-1,0.00%,5.055MiB / 7.653GiB
1787230705,heavy-prometheus-1,0.00%,125MiB / 7.653GiB
1787230705,heavy-postgres-1,0.00%,83.02MiB / 1GiB
1787230705,heavy-redis-1,0.73%,18.8MiB / 256MiB
1787230710,heavy-coupon-api-1,35.48%,510.8MiB / 512MiB
1787230710,heavy-mock-external-1,0.06%,177.8MiB / 1GiB
1787230710,heavy-grafana-1,0.12%,262.6MiB / 7.653GiB
1787230710,heavy-toxiproxy-1,0.00%,5.055MiB / 7.653GiB
1787230710,heavy-prometheus-1,0.00%,125.1MiB / 7.653GiB
1787230710,heavy-postgres-1,0.00%,83.02MiB / 1GiB
1787230710,heavy-redis-1,0.37%,18.8MiB / 256MiB
1787230715,heavy-coupon-api-1,49.61%,506.2MiB / 512MiB
1787230715,heavy-mock-external-1,0.09%,177.8MiB / 1GiB
1787230715,heavy-grafana-1,0.09%,262.6MiB / 7.653GiB
1787230715,heavy-toxiproxy-1,0.00%,5.055MiB / 7.653GiB
1787230715,heavy-prometheus-1,0.00%,125.1MiB / 7.653GiB
1787230715,heavy-postgres-1,0.00%,83.02MiB / 1GiB
1787230715,heavy-redis-1,0.32%,18.8MiB / 256MiB
1787230719,heavy-coupon-api-1,50.72%,507.7MiB / 512MiB
1787230719,heavy-mock-external-1,0.43%,177.9MiB / 1GiB
1787230719,heavy-grafana-1,0.18%,262.6MiB / 7.653GiB
1787230719,heavy-toxiproxy-1,0.00%,5.055MiB / 7.653GiB
1787230719,heavy-prometheus-1,0.09%,125.1MiB / 7.653GiB
1787230719,heavy-postgres-1,0.51%,83.02MiB / 1GiB
1787230719,heavy-redis-1,0.37%,19.05MiB / 256MiB
1787230724,heavy-coupon-api-1,49.96%,508MiB / 512MiB
1787230724,heavy-mock-external-1,0.10%,177.9MiB / 1GiB
1787230724,heavy-grafana-1,0.09%,262.6MiB / 7.653GiB
1787230724,heavy-toxiproxy-1,0.00%,5.055MiB / 7.653GiB
1787230724,heavy-prometheus-1,0.09%,125.1MiB / 7.653GiB
1787230724,heavy-postgres-1,0.00%,83.02MiB / 1GiB
1787230724,heavy-redis-1,0.38%,18.8MiB / 256MiB
1787230729,heavy-coupon-api-1,50.52%,508MiB / 512MiB
1787230729,heavy-mock-external-1,0.44%,177.9MiB / 1GiB
1787230729,heavy-grafana-1,0.16%,262.8MiB / 7.653GiB
1787230729,heavy-toxiproxy-1,0.00%,5.055MiB / 7.653GiB
1787230729,heavy-prometheus-1,0.10%,125.4MiB / 7.653GiB
1787230729,heavy-postgres-1,0.72%,83.02MiB / 1GiB
1787230729,heavy-redis-1,0.52%,18.8MiB / 256MiB
1787230733,heavy-coupon-api-1,49.79%,508.6MiB / 512MiB
1787230733,heavy-mock-external-1,0.73%,177.9MiB / 1GiB
1787230733,heavy-grafana-1,0.08%,262.6MiB / 7.653GiB
1787230733,heavy-toxiproxy-1,0.02%,5.055MiB / 7.653GiB
1787230733,heavy-prometheus-1,0.08%,125.1MiB / 7.653GiB
1787230733,heavy-postgres-1,0.00%,83.02MiB / 1GiB
1787230733,heavy-redis-1,0.34%,18.8MiB / 256MiB
1787230737,heavy-coupon-api-1,50.40%,508.7MiB / 512MiB
1787230737,heavy-mock-external-1,1.09%,178MiB / 1GiB
1787230737,heavy-grafana-1,0.11%,262.6MiB / 7.653GiB
1787230737,heavy-toxiproxy-1,0.00%,5.055MiB / 7.653GiB
1787230737,heavy-prometheus-1,0.08%,125.2MiB / 7.653GiB
1787230737,heavy-postgres-1,0.00%,83.02MiB / 1GiB
1787230737,heavy-redis-1,0.34%,18.8MiB / 256MiB
1787230742,heavy-coupon-api-1,50.64%,508.5MiB / 512MiB
1787230742,heavy-mock-external-1,0.07%,178MiB / 1GiB
1787230742,heavy-grafana-1,0.08%,262.6MiB / 7.653GiB
1787230742,heavy-toxiproxy-1,0.00%,5.055MiB / 7.653GiB
1787230742,heavy-prometheus-1,0.04%,125.2MiB / 7.653GiB
1787230742,heavy-postgres-1,0.00%,83.02MiB / 1GiB
1787230742,heavy-redis-1,0.33%,18.8MiB / 256MiB
1787230746,heavy-coupon-api-1,49.87%,511.9MiB / 512MiB
1787230746,heavy-mock-external-1,0.07%,178MiB / 1GiB
1787230746,heavy-grafana-1,0.06%,262.6MiB / 7.653GiB
1787230746,heavy-toxiproxy-1,0.00%,5.055MiB / 7.653GiB
1787230746,heavy-prometheus-1,0.36%,125.4MiB / 7.653GiB
1787230746,heavy-postgres-1,0.00%,83.02MiB / 1GiB
1787230746,heavy-redis-1,0.35%,18.8MiB / 256MiB
1787230751,heavy-coupon-api-1,50.40%,511.9MiB / 512MiB
1787230751,heavy-mock-external-1,0.09%,178.1MiB / 1GiB
1787230751,heavy-grafana-1,0.10%,262.6MiB / 7.653GiB
1787230751,heavy-toxiproxy-1,0.00%,5.055MiB / 7.653GiB
1787230751,heavy-prometheus-1,0.33%,123.1MiB / 7.653GiB
1787230751,heavy-postgres-1,0.00%,83.02MiB / 1GiB
1787230751,heavy-redis-1,0.33%,18.8MiB / 256MiB
1787230755,heavy-coupon-api-1,49.48%,511.8MiB / 512MiB
1787230755,heavy-mock-external-1,0.09%,178.1MiB / 1GiB
1787230755,heavy-grafana-1,0.11%,262.6MiB / 7.653GiB
1787230755,heavy-toxiproxy-1,0.00%,5.055MiB / 7.653GiB
1787230755,heavy-prometheus-1,0.00%,123MiB / 7.653GiB
1787230755,heavy-postgres-1,0.00%,83.04MiB / 1GiB
1787230755,heavy-redis-1,0.32%,18.8MiB / 256MiB
1787230760,heavy-coupon-api-1,50.28%,511.9MiB / 512MiB
1787230760,heavy-mock-external-1,0.10%,178.1MiB / 1GiB
1787230760,heavy-grafana-1,0.11%,262.6MiB / 7.653GiB
1787230760,heavy-toxiproxy-1,0.00%,5.055MiB / 7.653GiB
1787230760,heavy-prometheus-1,0.00%,123.1MiB / 7.653GiB
1787230760,heavy-postgres-1,0.00%,83.02MiB / 1GiB
1787230760,heavy-redis-1,0.39%,19.05MiB / 256MiB
1787230765,heavy-coupon-api-1,49.99%,511.9MiB / 512MiB
1787230765,heavy-mock-external-1,0.37%,178.4MiB / 1GiB
1787230765,heavy-grafana-1,0.08%,262.6MiB / 7.653GiB
1787230765,heavy-toxiproxy-1,0.00%,5.055MiB / 7.653GiB
1787230765,heavy-prometheus-1,0.00%,122.2MiB / 7.653GiB
1787230765,heavy-postgres-1,0.32%,85.42MiB / 1GiB
1787230765,heavy-redis-1,0.33%,18.8MiB / 256MiB
1787230769,heavy-coupon-api-1,50.32%,511.8MiB / 512MiB
1787230769,heavy-mock-external-1,0.38%,178.2MiB / 1GiB
1787230769,heavy-grafana-1,0.50%,262.6MiB / 7.653GiB
1787230769,heavy-toxiproxy-1,0.00%,5.055MiB / 7.653GiB
1787230769,heavy-prometheus-1,0.10%,122.2MiB / 7.653GiB
1787230769,heavy-postgres-1,0.83%,83.04MiB / 1GiB
1787230769,heavy-redis-1,0.36%,19.05MiB / 256MiB
