1787231424,heavy-coupon-api-1,49.44%,398.8MiB / 2GiB
1787231424,heavy-mock-external-1,0.09%,181.5MiB / 1GiB
1787231424,heavy-grafana-1,0.13%,263MiB / 7.653GiB
1787231424,heavy-toxiproxy-1,0.00%,5.055MiB / 7.653GiB
1787231424,heavy-prometheus-1,0.03%,125.5MiB / 7.653GiB
1787231424,heavy-postgres-1,0.00%,83.02MiB / 1GiB
1787231424,heavy-redis-1,0.50%,18.8MiB / 256MiB
1787231428,heavy-coupon-api-1,40.01%,409.2MiB / 2GiB
1787231428,heavy-mock-external-1,1.10%,181.6MiB / 1GiB
1787231428,heavy-grafana-1,0.39%,263MiB / 7.653GiB
1787231428,heavy-toxiproxy-1,0.00%,5.055MiB / 7.653GiB
1787231428,heavy-prometheus-1,0.39%,123.1MiB / 7.653GiB
1787231428,heavy-postgres-1,0.61%,83.02MiB / 1GiB
1787231428,heavy-redis-1,1.11%,19.14MiB / 256MiB
1787231432,heavy-coupon-api-1,37.08%,412.4MiB / 2GiB
1787231432,heavy-mock-external-1,1.50%,181.6MiB / 1GiB
1787231432,heavy-grafana-1,0.18%,263MiB / 7.653GiB
1787231432,heavy-toxiproxy-1,0.00%,5.055MiB / 7.653GiB
1787231432,heavy-prometheus-1,0.28%,123.1MiB / 7.653GiB
1787231432,heavy-postgres-1,0.00%,83.04MiB / 1GiB
1787231432,heavy-redis-1,0.48%,19.05MiB / 256MiB
1787231437,heavy-coupon-api-1,40.02%,412.7MiB / 2GiB
1787231437,heavy-mock-external-1,0.17%,181.6MiB / 1GiB
1787231437,heavy-grafana-1,0.25%,263MiB / 7.653GiB
1787231437,heavy-toxiproxy-1,0.00%,5.055MiB / 7.653GiB
1787231437,heavy-prometheus-1,0.00%,123.1MiB / 7.653GiB
1787231437,heavy-postgres-1,0.00%,83.02MiB / 1GiB
1787231437,heavy-redis-1,0.81%,18.8MiB / 256MiB
1787231441,heavy-coupon-api-1,37.04%,421.7MiB / 2GiB
1787231441,heavy-mock-external-1,0.22%,181.6MiB / 1GiB
1787231441,heavy-grafana-1,0.19%,263MiB / 7.653GiB
1787231441,heavy-toxiproxy-1,0.00%,5.055MiB / 7.653GiB
1787231441,heavy-prometheus-1,1.51%,123.1MiB / 7.653GiB
1787231441,heavy-postgres-1,0.00%,83.02MiB / 1GiB
1787231441,heavy-redis-1,1.32%,18.8MiB / 256MiB
1787231446,heavy-coupon-api-1,45.24%,421.3MiB / 2GiB
1787231446,heavy-mock-external-1,0.15%,181.6MiB / 1GiB
1787231446,heavy-grafana-1,0.25%,263MiB / 7.653GiB
1787231446,heavy-toxiproxy-1,0.00%,5.055MiB / 7.653GiB
1787231446,heavy-prometheus-1,0.31%,123.1MiB / 7.653GiB
1787231446,heavy-postgres-1,0.00%,83.02MiB / 1GiB
1787231446,heavy-redis-1,0.74%,18.8MiB / 256MiB
1787231450,heavy-coupon-api-1,33.68%,424.1MiB / 2GiB
1787231450,heavy-mock-external-1,0.10%,181.6MiB / 1GiB
1787231450,heavy-grafana-1,0.17%,263.1MiB / 7.653GiB
1787231450,heavy-toxiproxy-1,0.00%,5.055MiB / 7.653GiB
1787231450,heavy-prometheus-1,0.00%,123.1MiB / 7.653GiB
1787231450,heavy-postgres-1,0.00%,83.02MiB / 1GiB
1787231450,heavy-redis-1,0.66%,18.81MiB / 256MiB
1787231455,heavy-coupon-api-1,42.89%,424.2MiB / 2GiB
1787231455,heavy-mock-external-1,0.51%,181.6MiB / 1GiB
1787231455,heavy-grafana-1,0.28%,263.1MiB / 7.653GiB
1787231455,heavy-toxiproxy-1,0.00%,5.055MiB / 7.653GiB
1787231455,heavy-prometheus-1,0.00%,123.1MiB / 7.653GiB
1787231455,heavy-postgres-1,0.52%,83.02MiB / 1GiB
1787231455,heavy-redis-1,1.18%,18.8MiB / 256MiB
1787231460,heavy-coupon-api-1,41.60%,425.1MiB / 2GiB
1787231460,heavy-mock-external-1,0.14%,183.7MiB / 1GiB
1787231460,heavy-grafana-1,0.49%,263.1MiB / 7.653GiB
1787231460,heavy-toxiproxy-1,0.00%,5.055MiB / 7.653GiB
1787231460,heavy-prometheus-1,0.00%,123.1MiB / 7.653GiB
1787231460,heavy-postgres-1,0.00%,83.02MiB / 1GiB
1787231460,heavy-redis-1,0.57%,18.8MiB / 256MiB
1787231464,heavy-coupon-api-1,30.53%,424.6MiB / 2GiB
1787231464,heavy-mock-external-1,0.54%,183.8MiB / 1GiB
1787231464,heavy-grafana-1,0.18%,263.1MiB / 7.653GiB
1787231464,heavy-toxiproxy-1,0.00%,5.055MiB / 7.653GiB
1787231464,heavy-prometheus-1,0.00%,123.1MiB / 7.653GiB
1787231464,heavy-postgres-1,0.82%,83.07MiB / 1GiB
1787231464,heavy-redis-1,0.54%,18.8MiB / 256MiB
1787231469,heavy-coupon-api-1,35.95%,425.2MiB / 2GiB
1787231469,heavy-mock-external-1,0.17%,183.8MiB / 1GiB
1787231469,heavy-grafana-1,1.94%,263.1MiB / 7.653GiB
1787231469,heavy-toxiproxy-1,0.00%,5.055MiB / 7.653GiB
1787231469,heavy-prometheus-1,0.24%,123.2MiB / 7.653GiB
1787231469,heavy-postgres-1,0.73%,83.02MiB / 1GiB
1787231469,heavy-redis-1,0.74%,18.8MiB / 256MiB
1787231474,heavy-coupon-api-1,33.30%,425MiB / 2GiB
1787231474,heavy-mock-external-1,0.95%,183.8MiB / 1GiB
1787231474,heavy-grafana-1,0.33%,263.1MiB / 7.653GiB
1787231474,heavy-toxiproxy-1,0.00%,5.055MiB / 7.653GiB
1787231474,heavy-prometheus-1,0.19%,123.1MiB / 7.653GiB
1787231474,heavy-postgres-1,0.70%,83.02MiB / 1GiB
1787231474,heavy-redis-1,0.70%,18.8MiB / 256MiB
1787231478,heavy-coupon-api-1,37.20%,424.8MiB / 2GiB
1787231478,heavy-mock-external-1,0.14%,183.8MiB / 1GiB
1787231478,heavy-grafana-1,0.34%,263.1MiB / 7.653GiB
1787231478,heavy-toxiproxy-1,0.00%,5.055MiB / 7.653GiB
1787231478,heavy-prometheus-1,0.21%,123.2MiB / 7.653GiB
1787231478,heavy-postgres-1,0.00%,83.02MiB / 1GiB
1787231478,heavy-redis-1,0.67%,18.8MiB / 256MiB
1787231483,heavy-coupon-api-1,28.25%,424.7MiB / 2GiB
1787231483,heavy-mock-external-1,3.30%,183.9MiB / 1GiB
1787231483,heavy-grafana-1,0.24%,263.1MiB / 7.653GiB
1787231483,heavy-toxiproxy-1,0.00%,5.055MiB / 7.653GiB
1787231483,heavy-prometheus-1,0.34%,123.2MiB / 7.653GiB
1787231483,heavy-postgres-1,0.68%,83.02MiB / 1GiB
1787231483,heavy-redis-1,0.89%,18.8MiB / 256MiB
1787231487,heavy-coupon-api-1,39.02%,424.8MiB / 2GiB
1787231487,heavy-mock-external-1,1.05%,183.9MiB / 1GiB
1787231487,heavy-grafana-1,0.20%,263.1MiB / 7.653GiB
1787231487,heavy-toxiproxy-1,0.00%,5.055MiB / 7.653GiB
1787231487,heavy-prometheus-1,0.15%,123.2MiB / 7.653GiB
1787231487,heavy-postgres-1,0.00%,83.02MiB / 1GiB
1787231487,heavy-redis-1,0.67%,18.8MiB / 256MiB
1787231492,heavy-coupon-api-1,37.50%,436MiB / 2GiB
1787231492,heavy-mock-external-1,0.13%,183.9MiB / 1GiB
1787231492,heavy-grafana-1,0.14%,263.1MiB / 7.653GiB
1787231492,heavy-toxiproxy-1,0.00%,5.055MiB / 7.653GiB
1787231492,heavy-prometheus-1,0.88%,123.2MiB / 7.653GiB
1787231492,heavy-postgres-1,0.00%,83.02MiB / 1GiB
1787231492,heavy-redis-1,0.70%,19.05MiB / 256MiB
1787231496,heavy-coupon-api-1,34.98%,438.3MiB / 2GiB
1787231496,heavy-mock-external-1,0.15%,183.9MiB / 1GiB
1787231496,heavy-grafana-1,0.28%,263.1MiB / 7.653GiB
1787231496,heavy-toxiproxy-1,0.00%,5.055MiB / 7.653GiB
1787231496,heavy-prometheus-1,0.94%,125.2MiB / 7.653GiB
1787231496,heavy-postgres-1,0.00%,83.02MiB / 1GiB
1787231496,heavy-redis-1,0.83%,18.8MiB / 256MiB
1787231500,heavy-coupon-api-1,37.98%,440.9MiB / 2GiB
1787231500,heavy-mock-external-1,0.15%,183.9MiB / 1GiB
1787231500,heavy-grafana-1,0.22%,263.1MiB / 7.653GiB
1787231500,heavy-toxiproxy-1,0.00%,5.055MiB / 7.653GiB
1787231500,heavy-prometheus-1,0.00%,125.2MiB / 7.653GiB
1787231500,heavy-postgres-1,0.00%,83.02MiB / 1GiB
1787231500,heavy-redis-1,0.65%,18.8MiB / 256MiB
1787231505,heavy-coupon-api-1,34.86%,441MiB / 2GiB
1787231505,heavy-mock-external-1,0.15%,183.9MiB / 1GiB
1787231505,heavy-grafana-1,0.16%,263.1MiB / 7.653GiB
1787231505,heavy-toxiproxy-1,0.00%,5.055MiB / 7.653GiB
1787231505,heavy-prometheus-1,0.00%,125.2MiB / 7.653GiB
1787231505,heavy-postgres-1,0.02%,83.02MiB / 1GiB
1787231505,heavy-redis-1,0.59%,19.05MiB / 256MiB
1787231510,heavy-coupon-api-1,37.68%,443.9MiB / 2GiB
1787231510,heavy-mock-external-1,0.41%,183.9MiB / 1GiB
1787231510,heavy-grafana-1,0.47%,263.1MiB / 7.653GiB
1787231510,heavy-toxiproxy-1,0.00%,5.055MiB / 7.653GiB
1787231510,heavy-prometheus-1,0.00%,125.2MiB / 7.653GiB
1787231510,heavy-postgres-1,0.61%,83.02MiB / 1GiB
1787231510,heavy-redis-1,0.52%,18.8MiB / 256MiB
1787231514,heavy-coupon-api-1,43.05%,450.8MiB / 2GiB
1787231514,heavy-mock-external-1,0.15%,183.9MiB / 1GiB
1787231514,heavy-grafana-1,0.19%,263.1MiB / 7.653GiB
1787231514,heavy-toxiproxy-1,0.00%,5.055MiB / 7.653GiB
1787231514,heavy-prometheus-1,0.13%,125.2MiB / 7.653GiB
1787231514,heavy-postgres-1,0.00%,83.02MiB / 1GiB
1787231514,heavy-redis-1,0.81%,18.8MiB / 256MiB
1787231519,heavy-coupon-api-1,35.23%,452.2MiB / 2GiB
1787231519,heavy-mock-external-1,0.45%,183.9MiB / 1GiB
1787231519,heavy-grafana-1,0.55%,263.1MiB / 7.653GiB
1787231519,heavy-toxiproxy-1,0.00%,5.055MiB / 7.653GiB
1787231519,heavy-prometheus-1,0.05%,125.2MiB / 7.653GiB
1787231519,heavy-postgres-1,0.92%,83.02MiB / 1GiB
1787231519,heavy-redis-1,0.64%,18.8MiB / 256MiB
1787231524,heavy-coupon-api-1,38.23%,467.6MiB / 2GiB
1787231524,heavy-mock-external-1,0.39%,183.9MiB / 1GiB
1787231524,heavy-grafana-1,0.23%,263.1MiB / 7.653GiB
1787231524,heavy-toxiproxy-1,0.00%,5.055MiB / 7.653GiB
1787231524,heavy-prometheus-1,0.18%,125.2MiB / 7.653GiB
1787231524,heavy-postgres-1,0.00%,83.02MiB / 1GiB
1787231524,heavy-redis-1,0.55%,18.8MiB / 256MiB
1787231528,heavy-coupon-api-1,41.16%,469.5MiB / 2GiB
1787231528,heavy-mock-external-1,0.48%,184MiB / 1GiB
1787231528,heavy-grafana-1,0.27%,263.1MiB / 7.653GiB
1787231528,heavy-toxiproxy-1,0.00%,5.055MiB / 7.653GiB
1787231528,heavy-prometheus-1,0.15%,125.2MiB / 7.653GiB
1787231528,heavy-postgres-1,0.71%,83.02MiB / 1GiB
1787231528,heavy-redis-1,0.69%,18.8MiB / 256MiB
1787231533,heavy-coupon-api-1,37.08%,470.1MiB / 2GiB
1787231533,heavy-mock-external-1,0.72%,183.9MiB / 1GiB
1787231533,heavy-grafana-1,0.34%,263.1MiB / 7.653GiB
1787231533,heavy-toxiproxy-1,0.00%,5.055MiB / 7.653GiB
1787231533,heavy-prometheus-1,0.12%,125.2MiB / 7.653GiB
1787231533,heavy-postgres-1,0.06%,83.06MiB / 1GiB
1787231533,heavy-redis-1,0.51%,18.8MiB / 256MiB
1787231537,heavy-coupon-api-1,34.77%,469.7MiB / 2GiB
1787231537,heavy-mock-external-1,0.93%,183.9MiB / 1GiB
1787231537,heavy-grafana-1,0.07%,263.1MiB / 7.653GiB
1787231537,heavy-toxiproxy-1,0.00%,5.055MiB / 7.653GiB
1787231537,heavy-prometheus-1,0.13%,125.2MiB / 7.653GiB
1787231537,heavy-postgres-1,0.65%,83.02MiB / 1GiB
1787231537,heavy-redis-1,0.49%,18.8MiB / 256MiB
1787231542,heavy-coupon-api-1,37.13%,475.3MiB / 2GiB
1787231542,heavy-mock-external-1,0.10%,183.9MiB / 1GiB
1787231542,heavy-grafana-1,0.19%,263.1MiB / 7.653GiB
1787231542,heavy-toxiproxy-1,0.00%,5.055MiB / 7.653GiB
1787231542,heavy-prometheus-1,0.51%,125.2MiB / 7.653GiB
1787231542,heavy-postgres-1,0.00%,83.02MiB / 1GiB
1787231542,heavy-redis-1,0.44%,18.8MiB / 256MiB
1787231546,heavy-coupon-api-1,40.03%,478.2MiB / 2GiB
1787231546,heavy-mock-external-1,0.13%,183.9MiB / 1GiB
1787231546,heavy-grafana-1,0.16%,263.1MiB / 7.653GiB
1787231546,heavy-toxiproxy-1,0.00%,5.055MiB / 7.653GiB
1787231546,heavy-prometheus-1,0.40%,125.2MiB / 7.653GiB
1787231546,heavy-postgres-1,0.00%,83.02MiB / 1GiB
1787231546,heavy-redis-1,0.45%,18.8MiB / 256MiB
1787231550,heavy-coupon-api-1,45.92%,484.9MiB / 2GiB
1787231550,heavy-mock-external-1,0.11%,183.9MiB / 1GiB
1787231550,heavy-grafana-1,0.18%,263.1MiB / 7.653GiB
1787231550,heavy-toxiproxy-1,0.00%,5.055MiB / 7.653GiB
1787231550,heavy-prometheus-1,0.00%,125.2MiB / 7.653GiB
1787231550,heavy-postgres-1,0.00%,83.02MiB / 1GiB
1787231550,heavy-redis-1,0.67%,19.05MiB / 256MiB
1787231555,heavy-coupon-api-1,38.95%,489.1MiB / 2GiB
1787231555,heavy-mock-external-1,0.10%,183.9MiB / 1GiB
1787231555,heavy-grafana-1,0.13%,263.1MiB / 7.653GiB
1787231555,heavy-toxiproxy-1,0.00%,5.055MiB / 7.653GiB
1787231555,heavy-prometheus-1,0.12%,125.2MiB / 7.653GiB
1787231555,heavy-postgres-1,0.00%,83.06MiB / 1GiB
1787231555,heavy-redis-1,0.47%,18.8MiB / 256MiB
1787231560,heavy-coupon-api-1,38.77%,488.7MiB / 2GiB
1787231560,heavy-mock-external-1,0.10%,183.9MiB / 1GiB
1787231560,heavy-grafana-1,0.17%,263.1MiB / 7.653GiB
1787231560,heavy-toxiproxy-1,0.00%,5.055MiB / 7.653GiB
1787231560,heavy-prometheus-1,0.00%,125.2MiB / 7.653GiB
1787231560,heavy-postgres-1,0.01%,83.02MiB / 1GiB
1787231560,heavy-redis-1,0.57%,18.8MiB / 256MiB
1787231564,heavy-coupon-api-1,36.65%,489MiB / 2GiB
1787231564,heavy-mock-external-1,0.52%,184MiB / 1GiB
1787231564,heavy-grafana-1,0.10%,263.1MiB / 7.653GiB
1787231564,heavy-toxiproxy-1,0.00%,5.055MiB / 7.653GiB
1787231564,heavy-prometheus-1,0.15%,125.2MiB / 7.653GiB
1787231564,heavy-postgres-1,0.60%,83.07MiB / 1GiB
1787231564,heavy-redis-1,0.70%,18.8MiB / 256MiB
1787231569,heavy-coupon-api-1,37.83%,509.5MiB / 2GiB
1787231569,heavy-mock-external-1,0.08%,184MiB / 1GiB
1787231569,heavy-grafana-1,0.46%,263.1MiB / 7.653GiB
1787231569,heavy-toxiproxy-1,0.00%,5.055MiB / 7.653GiB
1787231569,heavy-prometheus-1,0.15%,125.2MiB / 7.653GiB
1787231569,heavy-postgres-1,0.28%,83.02MiB / 1GiB
1787231569,heavy-redis-1,0.60%,18.81MiB / 256MiB
1787231574,heavy-coupon-api-1,40.52%,509.4MiB / 2GiB
1787231574,heavy-mock-external-1,1.45%,184MiB / 1GiB
1787231574,heavy-grafana-1,0.13%,263.1MiB / 7.653GiB
1787231574,heavy-toxiproxy-1,0.01%,5.055MiB / 7.653GiB
1787231574,heavy-prometheus-1,0.09%,125.2MiB / 7.653GiB
1787231574,heavy-postgres-1,0.00%,83.02MiB / 1GiB
1787231574,heavy-redis-1,0.44%,18.8MiB / 256MiB
1787231578,heavy-coupon-api-1,43.84%,509.8MiB / 2GiB
1787231578,heavy-mock-external-1,0.91%,184MiB / 1GiB
1787231578,heavy-grafana-1,0.21%,263.1MiB / 7.653GiB
1787231578,heavy-toxiproxy-1,0.00%,5.055MiB / 7.653GiB
1787231578,heavy-prometheus-1,0.13%,125.2MiB / 7.653GiB
1787231578,heavy-postgres-1,0.00%,83.02MiB / 1GiB
1787231578,heavy-redis-1,0.71%,18.8MiB / 256MiB
1787231582,heavy-coupon-api-1,42.38%,509.8MiB / 2GiB
1787231582,heavy-mock-external-1,0.76%,184MiB / 1GiB
1787231582,heavy-grafana-1,0.16%,263.1MiB / 7.653GiB
1787231582,heavy-toxiproxy-1,0.00%,5.055MiB / 7.653GiB
1787231582,heavy-prometheus-1,0.13%,125.2MiB / 7.653GiB
1787231582,heavy-postgres-1,0.00%,83.02MiB / 1GiB
1787231582,heavy-redis-1,0.42%,18.8MiB / 256MiB
1787231587,heavy-coupon-api-1,43.96%,510MiB / 2GiB
1787231587,heavy-mock-external-1,0.09%,184MiB / 1GiB
1787231587,heavy-grafana-1,0.20%,263.1MiB / 7.653GiB
1787231587,heavy-toxiproxy-1,0.00%,5.055MiB / 7.653GiB
1787231587,heavy-prometheus-1,0.00%,125.2MiB / 7.653GiB
1787231587,heavy-postgres-1,0.01%,83.02MiB / 1GiB
1787231587,heavy-redis-1,1.42%,18.8MiB / 256MiB
1787231591,heavy-coupon-api-1,41.73%,509.2MiB / 2GiB
1787231591,heavy-mock-external-1,0.12%,184MiB / 1GiB
1787231591,heavy-grafana-1,0.12%,263.1MiB / 7.653GiB
1787231591,heavy-toxiproxy-1,0.00%,5.055MiB / 7.653GiB
1787231591,heavy-prometheus-1,0.67%,125.2MiB / 7.653GiB
1787231591,heavy-postgres-1,0.00%,83.02MiB / 1GiB
1787231591,heavy-redis-1,0.51%,18.8MiB / 256MiB
1787231596,heavy-coupon-api-1,40.38%,544.5MiB / 2GiB
1787231596,heavy-mock-external-1,0.10%,184MiB / 1GiB
1787231596,heavy-grafana-1,0.19%,263.1MiB / 7.653GiB
1787231596,heavy-toxiproxy-1,0.00%,5.055MiB / 7.653GiB
1787231596,heavy-prometheus-1,0.68%,125.2MiB / 7.653GiB
1787231596,heavy-postgres-1,0.00%,83.02MiB / 1GiB
1787231596,heavy-redis-1,0.43%,18.8MiB / 256MiB
1787231600,heavy-coupon-api-1,40.32%,544.4MiB / 2GiB
1787231600,heavy-mock-external-1,0.07%,184MiB / 1GiB
1787231600,heavy-grafana-1,0.19%,263.1MiB / 7.653GiB
1787231600,heavy-toxiproxy-1,0.00%,5.055MiB / 7.653GiB
1787231600,heavy-prometheus-1,0.00%,125.2MiB / 7.653GiB
1787231600,heavy-postgres-1,0.00%,83.02MiB / 1GiB
1787231600,heavy-redis-1,0.56%,18.8MiB / 256MiB
