1787648182,heavy-coupon-api-1,23.08%,444.4MiB / 1GiB
1787648182,heavy-mock-external-1,0.15%,216.1MiB / 1GiB
1787648182,heavy-grafana-1,0.11%,278.9MiB / 7.654GiB
1787648182,heavy-toxiproxy-1,0.00%,12.24MiB / 7.654GiB
1787648182,heavy-postgres-1,0.00%,83.27MiB / 1GiB
1787648182,heavy-redis-1,0.48%,19.26MiB / 256MiB
1787648182,heavy-prometheus-1,0.43%,135.6MiB / 7.654GiB
1787648186,heavy-coupon-api-1,16.09%,456.1MiB / 1GiB
1787648186,heavy-mock-external-1,0.13%,216.1MiB / 1GiB
1787648186,heavy-grafana-1,0.17%,278.9MiB / 7.654GiB
1787648186,heavy-toxiproxy-1,0.00%,12.24MiB / 7.654GiB
1787648186,heavy-postgres-1,0.05%,83.27MiB / 1GiB
1787648186,heavy-redis-1,0.47%,19.26MiB / 256MiB
1787648186,heavy-prometheus-1,0.09%,135.6MiB / 7.654GiB
1787648190,heavy-coupon-api-1,10.72%,457.4MiB / 1GiB
1787648190,heavy-mock-external-1,1.93%,216.1MiB / 1GiB
1787648190,heavy-grafana-1,1.81%,278.9MiB / 7.654GiB
1787648190,heavy-toxiproxy-1,0.00%,12.24MiB / 7.654GiB
1787648190,heavy-postgres-1,0.01%,83.27MiB / 1GiB
1787648190,heavy-redis-1,0.73%,19.51MiB / 256MiB
1787648190,heavy-prometheus-1,0.18%,135.6MiB / 7.654GiB
1787648195,heavy-coupon-api-1,15.62%,460MiB / 1GiB
1787648195,heavy-mock-external-1,2.65%,216.1MiB / 1GiB
1787648195,heavy-grafana-1,0.13%,278.9MiB / 7.654GiB
1787648195,heavy-toxiproxy-1,0.00%,12.24MiB / 7.654GiB
1787648195,heavy-postgres-1,0.13%,83.27MiB / 1GiB
1787648195,heavy-redis-1,0.49%,19.27MiB / 256MiB
1787648195,heavy-prometheus-1,1.22%,135.6MiB / 7.654GiB
1787648199,heavy-coupon-api-1,22.62%,460MiB / 1GiB
1787648199,heavy-mock-external-1,0.15%,216.1MiB / 1GiB
1787648199,heavy-grafana-1,0.16%,278.9MiB / 7.654GiB
1787648199,heavy-toxiproxy-1,0.00%,12.24MiB / 7.654GiB
1787648199,heavy-postgres-1,0.00%,83.27MiB / 1GiB
1787648199,heavy-redis-1,0.53%,19.26MiB / 256MiB
1787648199,heavy-prometheus-1,0.05%,135.6MiB / 7.654GiB
1787648204,heavy-coupon-api-1,12.50%,464.1MiB / 1GiB
1787648204,heavy-mock-external-1,0.10%,216.1MiB / 1GiB
1787648204,heavy-grafana-1,0.13%,278.9MiB / 7.654GiB
1787648204,heavy-toxiproxy-1,0.00%,12.24MiB / 7.654GiB
1787648204,heavy-postgres-1,0.00%,83.27MiB / 1GiB
1787648204,heavy-redis-1,0.60%,19.51MiB / 256MiB
1787648204,heavy-prometheus-1,0.00%,135.6MiB / 7.654GiB
1787648209,heavy-coupon-api-1,11.61%,462.9MiB / 1GiB
1787648209,heavy-mock-external-1,0.11%,216.2MiB / 1GiB
1787648209,heavy-grafana-1,0.22%,278.9MiB / 7.654GiB
1787648209,heavy-toxiproxy-1,0.00%,12.24MiB / 7.654GiB
1787648209,heavy-postgres-1,0.00%,83.27MiB / 1GiB
1787648209,heavy-redis-1,0.60%,19.26MiB / 256MiB
1787648209,heavy-prometheus-1,0.11%,135.6MiB / 7.654GiB
1787648213,heavy-coupon-api-1,17.92%,464.1MiB / 1GiB
1787648213,heavy-mock-external-1,0.12%,216.2MiB / 1GiB
1787648213,heavy-grafana-1,0.18%,278.9MiB / 7.654GiB
1787648213,heavy-toxiproxy-1,0.00%,12.24MiB / 7.654GiB
1787648213,heavy-postgres-1,0.02%,83.27MiB / 1GiB
1787648213,heavy-redis-1,0.66%,19.26MiB / 256MiB
1787648213,heavy-prometheus-1,0.00%,135.6MiB / 7.654GiB
1787648218,heavy-coupon-api-1,10.54%,463.9MiB / 1GiB
1787648218,heavy-mock-external-1,0.09%,216.2MiB / 1GiB
1787648218,heavy-grafana-1,0.30%,278.9MiB / 7.654GiB
1787648218,heavy-toxiproxy-1,0.00%,12.24MiB / 7.654GiB
1787648218,heavy-postgres-1,0.00%,83.27MiB / 1GiB
1787648218,heavy-redis-1,0.48%,19.26MiB / 256MiB
1787648218,heavy-prometheus-1,0.00%,135.6MiB / 7.654GiB
1787648223,heavy-coupon-api-1,8.72%,464.2MiB / 1GiB
1787648223,heavy-mock-external-1,0.46%,216.2MiB / 1GiB
1787648223,heavy-grafana-1,0.12%,278.9MiB / 7.654GiB
1787648223,heavy-toxiproxy-1,0.00%,12.24MiB / 7.654GiB
1787648223,heavy-postgres-1,0.65%,83.27MiB / 1GiB
1787648223,heavy-redis-1,1.43%,19.26MiB / 256MiB
1787648223,heavy-prometheus-1,0.00%,135.6MiB / 7.654GiB
1787648227,heavy-coupon-api-1,20.88%,465.1MiB / 1GiB
1787648227,heavy-mock-external-1,0.10%,216.2MiB / 1GiB
1787648227,heavy-grafana-1,0.22%,278.9MiB / 7.654GiB
1787648227,heavy-toxiproxy-1,0.00%,12.24MiB / 7.654GiB
1787648227,heavy-postgres-1,0.00%,83.27MiB / 1GiB
1787648227,heavy-redis-1,0.94%,19.26MiB / 256MiB
1787648227,heavy-prometheus-1,0.00%,135.6MiB / 7.654GiB
1787648231,heavy-coupon-api-1,10.00%,465.8MiB / 1GiB
1787648231,heavy-mock-external-1,0.68%,216.2MiB / 1GiB
1787648231,heavy-grafana-1,2.07%,278.9MiB / 7.654GiB
1787648231,heavy-toxiproxy-1,0.00%,12.24MiB / 7.654GiB
1787648231,heavy-postgres-1,0.93%,83.27MiB / 1GiB
1787648231,heavy-redis-1,0.95%,19.26MiB / 256MiB
1787648231,heavy-prometheus-1,0.15%,135.6MiB / 7.654GiB
1787648236,heavy-coupon-api-1,14.03%,466.6MiB / 1GiB
1787648236,heavy-mock-external-1,0.12%,216.3MiB / 1GiB
1787648236,heavy-grafana-1,0.11%,278.9MiB / 7.654GiB
1787648236,heavy-toxiproxy-1,0.00%,12.24MiB / 7.654GiB
1787648236,heavy-postgres-1,0.13%,83.27MiB / 1GiB
1787648236,heavy-redis-1,0.95%,19.26MiB / 256MiB
1787648236,heavy-prometheus-1,0.43%,135.6MiB / 7.654GiB
1787648240,heavy-coupon-api-1,11.34%,469.7MiB / 1GiB
1787648240,heavy-mock-external-1,2.47%,216.3MiB / 1GiB
1787648240,heavy-grafana-1,0.91%,278.9MiB / 7.654GiB
1787648240,heavy-toxiproxy-1,0.00%,12.24MiB / 7.654GiB
1787648240,heavy-postgres-1,0.55%,83.27MiB / 1GiB
1787648240,heavy-redis-1,0.94%,19.26MiB / 256MiB
1787648240,heavy-prometheus-1,0.25%,135.7MiB / 7.654GiB
1787648245,heavy-coupon-api-1,13.60%,468.5MiB / 1GiB
1787648245,heavy-mock-external-1,3.05%,216.3MiB / 1GiB
1787648245,heavy-grafana-1,0.19%,278.9MiB / 7.654GiB
1787648245,heavy-toxiproxy-1,0.00%,12.24MiB / 7.654GiB
1787648245,heavy-postgres-1,0.00%,83.27MiB / 1GiB
1787648245,heavy-redis-1,0.89%,19.26MiB / 256MiB
1787648245,heavy-prometheus-1,0.12%,135.9MiB / 7.654GiB
1787648249,heavy-coupon-api-1,12.34%,470.5MiB / 1GiB
1787648249,heavy-mock-external-1,1.33%,216.3MiB / 1GiB
1787648249,heavy-grafana-1,0.18%,278.9MiB / 7.654GiB
1787648249,heavy-toxiproxy-1,0.00%,12.24MiB / 7.654GiB
1787648249,heavy-postgres-1,1.23%,83.27MiB / 1GiB
1787648249,heavy-redis-1,1.41%,19.26MiB / 256MiB
1787648249,heavy-prometheus-1,0.05%,135.9MiB / 7.654GiB
1787648254,heavy-coupon-api-1,11.10%,471.3MiB / 1GiB
1787648254,heavy-mock-external-1,0.16%,216.3MiB / 1GiB
1787648254,heavy-grafana-1,0.25%,278.9MiB / 7.654GiB
1787648254,heavy-toxiproxy-1,0.00%,12.24MiB / 7.654GiB
1787648254,heavy-postgres-1,0.00%,83.27MiB / 1GiB
1787648254,heavy-redis-1,0.96%,19.26MiB / 256MiB
1787648254,heavy-prometheus-1,0.03%,137.9MiB / 7.654GiB
1787648259,heavy-coupon-api-1,14.67%,472.5MiB / 1GiB
1787648259,heavy-mock-external-1,0.55%,216.3MiB / 1GiB
1787648259,heavy-grafana-1,0.17%,278.9MiB / 7.654GiB
1787648259,heavy-toxiproxy-1,0.02%,12.24MiB / 7.654GiB
1787648259,heavy-postgres-1,0.52%,83.27MiB / 1GiB
1787648259,heavy-redis-1,0.48%,19.26MiB / 256MiB
1787648259,heavy-prometheus-1,0.95%,137.9MiB / 7.654GiB
1787648264,heavy-coupon-api-1,19.93%,473.9MiB / 1GiB
1787648264,heavy-mock-external-1,0.14%,216.3MiB / 1GiB
1787648264,heavy-grafana-1,0.30%,278.9MiB / 7.654GiB
1787648264,heavy-toxiproxy-1,0.00%,12.24MiB / 7.654GiB
1787648264,heavy-postgres-1,0.00%,83.27MiB / 1GiB
1787648264,heavy-redis-1,0.64%,19.26MiB / 256MiB
1787648264,heavy-prometheus-1,0.09%,137.9MiB / 7.654GiB
1787648268,heavy-coupon-api-1,11.44%,475.7MiB / 1GiB
1787648268,heavy-mock-external-1,0.22%,216.3MiB / 1GiB
1787648268,heavy-grafana-1,0.93%,278.9MiB / 7.654GiB
1787648268,heavy-toxiproxy-1,0.00%,12.24MiB / 7.654GiB
1787648268,heavy-postgres-1,0.00%,83.27MiB / 1GiB
1787648268,heavy-redis-1,0.68%,19.26MiB / 256MiB
1787648268,heavy-prometheus-1,0.00%,137.9MiB / 7.654GiB
1787648273,heavy-coupon-api-1,11.07%,481.8MiB / 1GiB
1787648273,heavy-mock-external-1,0.23%,216.3MiB / 1GiB
1787648273,heavy-grafana-1,0.20%,278.9MiB / 7.654GiB
1787648273,heavy-toxiproxy-1,0.00%,12.24MiB / 7.654GiB
1787648273,heavy-postgres-1,0.00%,83.27MiB / 1GiB
1787648273,heavy-redis-1,0.90%,19.26MiB / 256MiB
1787648273,heavy-prometheus-1,0.00%,137.9MiB / 7.654GiB
1787648277,heavy-coupon-api-1,16.07%,490MiB / 1GiB
1787648277,heavy-mock-external-1,0.35%,216.4MiB / 1GiB
1787648277,heavy-grafana-1,0.23%,278.9MiB / 7.654GiB
1787648277,heavy-toxiproxy-1,0.00%,12.24MiB / 7.654GiB
1787648277,heavy-postgres-1,0.54%,83.27MiB / 1GiB
1787648277,heavy-redis-1,0.93%,19.26MiB / 256MiB
1787648277,heavy-prometheus-1,0.40%,137.9MiB / 7.654GiB
1787648281,heavy-coupon-api-1,5.99%,484.3MiB / 1GiB
1787648281,heavy-mock-external-1,0.18%,216.4MiB / 1GiB
1787648281,heavy-grafana-1,0.24%,278.9MiB / 7.654GiB
1787648281,heavy-toxiproxy-1,0.00%,12.24MiB / 7.654GiB
1787648281,heavy-postgres-1,0.00%,83.27MiB / 1GiB
1787648281,heavy-redis-1,0.84%,19.26MiB / 256MiB
1787648281,heavy-prometheus-1,0.21%,137.9MiB / 7.654GiB
1787648286,heavy-coupon-api-1,7.13%,484.3MiB / 1GiB
1787648286,heavy-mock-external-1,0.91%,216.4MiB / 1GiB
1787648286,heavy-grafana-1,0.27%,278.9MiB / 7.654GiB
1787648286,heavy-toxiproxy-1,0.00%,12.24MiB / 7.654GiB
1787648286,heavy-postgres-1,0.90%,83.27MiB / 1GiB
1787648286,heavy-redis-1,1.16%,19.26MiB / 256MiB
1787648286,heavy-prometheus-1,0.11%,137.9MiB / 7.654GiB
1787648291,heavy-coupon-api-1,9.01%,485.2MiB / 1GiB
1787648291,heavy-mock-external-1,3.69%,216.4MiB / 1GiB
1787648291,heavy-grafana-1,2.31%,278.9MiB / 7.654GiB
1787648291,heavy-toxiproxy-1,0.00%,12.24MiB / 7.654GiB
1787648291,heavy-postgres-1,0.10%,83.27MiB / 1GiB
1787648291,heavy-redis-1,0.72%,19.26MiB / 256MiB
1787648291,heavy-prometheus-1,0.68%,137.9MiB / 7.654GiB
1787648295,heavy-coupon-api-1,6.91%,485.2MiB / 1GiB
1787648295,heavy-mock-external-1,1.59%,216.7MiB / 1GiB
1787648295,heavy-grafana-1,0.21%,278.9MiB / 7.654GiB
1787648295,heavy-toxiproxy-1,0.00%,12.24MiB / 7.654GiB
1787648295,heavy-postgres-1,0.00%,83.27MiB / 1GiB
1787648295,heavy-redis-1,0.61%,19.26MiB / 256MiB
1787648295,heavy-prometheus-1,0.75%,137.9MiB / 7.654GiB
1787648300,heavy-coupon-api-1,13.28%,485.2MiB / 1GiB
1787648300,heavy-mock-external-1,3.82%,216.5MiB / 1GiB
1787648300,heavy-grafana-1,1.39%,278.9MiB / 7.654GiB
1787648300,heavy-toxiproxy-1,0.00%,12.24MiB / 7.654GiB
1787648300,heavy-postgres-1,0.00%,83.27MiB / 1GiB
1787648300,heavy-redis-1,0.54%,19.26MiB / 256MiB
1787648300,heavy-prometheus-1,0.13%,137.9MiB / 7.654GiB
1787648304,heavy-coupon-api-1,11.96%,485.3MiB / 1GiB
1787648304,heavy-mock-external-1,0.19%,216.5MiB / 1GiB
1787648304,heavy-grafana-1,0.18%,278.9MiB / 7.654GiB
1787648304,heavy-toxiproxy-1,0.00%,12.24MiB / 7.654GiB
1787648304,heavy-postgres-1,0.03%,83.27MiB / 1GiB
1787648304,heavy-redis-1,0.77%,19.51MiB / 256MiB
1787648304,heavy-prometheus-1,0.33%,137.9MiB / 7.654GiB
1787648309,heavy-coupon-api-1,7.78%,486.8MiB / 1GiB
1787648309,heavy-mock-external-1,0.13%,216.5MiB / 1GiB
1787648309,heavy-grafana-1,0.25%,278.9MiB / 7.654GiB
1787648309,heavy-toxiproxy-1,0.00%,12.24MiB / 7.654GiB
1787648309,heavy-postgres-1,0.00%,83.27MiB / 1GiB
1787648309,heavy-redis-1,0.62%,19.26MiB / 256MiB
1787648309,heavy-prometheus-1,0.00%,137.9MiB / 7.654GiB
1787648314,heavy-coupon-api-1,9.62%,486.8MiB / 1GiB
1787648314,heavy-mock-external-1,0.22%,216.5MiB / 1GiB
1787648314,heavy-grafana-1,0.40%,278.9MiB / 7.654GiB
1787648314,heavy-toxiproxy-1,0.00%,12.24MiB / 7.654GiB
1787648314,heavy-postgres-1,0.00%,83.29MiB / 1GiB
1787648314,heavy-redis-1,0.92%,19.26MiB / 256MiB
1787648314,heavy-prometheus-1,0.00%,137.9MiB / 7.654GiB
1787648318,heavy-coupon-api-1,6.43%,486.8MiB / 1GiB
1787648318,heavy-mock-external-1,0.35%,216.5MiB / 1GiB
1787648318,heavy-grafana-1,0.35%,278.9MiB / 7.654GiB
1787648318,heavy-toxiproxy-1,0.02%,12.24MiB / 7.654GiB
1787648318,heavy-postgres-1,0.42%,83.28MiB / 1GiB
1787648318,heavy-redis-1,0.87%,19.26MiB / 256MiB
1787648318,heavy-prometheus-1,0.01%,137.9MiB / 7.654GiB
1787648323,heavy-coupon-api-1,11.46%,487.1MiB / 1GiB
1787648323,heavy-mock-external-1,0.14%,216.5MiB / 1GiB
1787648323,heavy-grafana-1,0.32%,278.9MiB / 7.654GiB
1787648323,heavy-toxiproxy-1,0.00%,12.24MiB / 7.654GiB
1787648323,heavy-postgres-1,0.00%,83.31MiB / 1GiB
1787648323,heavy-redis-1,1.00%,19.26MiB / 256MiB
1787648323,heavy-prometheus-1,0.00%,137.9MiB / 7.654GiB
1787648328,heavy-coupon-api-1,14.82%,486.9MiB / 1GiB
1787648328,heavy-mock-external-1,0.52%,216.5MiB / 1GiB
1787648328,heavy-grafana-1,0.41%,278.9MiB / 7.654GiB
1787648328,heavy-toxiproxy-1,0.00%,12.24MiB / 7.654GiB
1787648328,heavy-postgres-1,0.69%,83.27MiB / 1GiB
1787648328,heavy-redis-1,0.88%,19.51MiB / 256MiB
1787648328,heavy-prometheus-1,0.00%,137.9MiB / 7.654GiB
1787648332,heavy-coupon-api-1,11.71%,489.1MiB / 1GiB
1787648332,heavy-mock-external-1,0.20%,216.5MiB / 1GiB
1787648332,heavy-grafana-1,0.26%,278.9MiB / 7.654GiB
1787648332,heavy-toxiproxy-1,0.00%,12.24MiB / 7.654GiB
1787648332,heavy-postgres-1,0.00%,83.27MiB / 1GiB
1787648332,heavy-redis-1,0.81%,19.51MiB / 256MiB
1787648332,heavy-prometheus-1,0.00%,137.9MiB / 7.654GiB
1787648336,heavy-coupon-api-1,14.72%,492.7MiB / 1GiB
1787648336,heavy-mock-external-1,0.09%,216.6MiB / 1GiB
1787648336,heavy-grafana-1,0.14%,278.9MiB / 7.654GiB
1787648336,heavy-toxiproxy-1,0.00%,12.24MiB / 7.654GiB
1787648336,heavy-postgres-1,0.03%,83.27MiB / 1GiB
1787648336,heavy-redis-1,0.85%,19.51MiB / 256MiB
1787648336,heavy-prometheus-1,0.00%,137.9MiB / 7.654GiB
1787648341,heavy-coupon-api-1,31.13%,494.6MiB / 1GiB
1787648341,heavy-mock-external-1,0.93%,216.6MiB / 1GiB
1787648341,heavy-grafana-1,0.40%,278.9MiB / 7.654GiB
1787648341,heavy-toxiproxy-1,0.00%,12.24MiB / 7.654GiB
1787648341,heavy-postgres-1,0.47%,83.27MiB / 1GiB
1787648341,heavy-redis-1,0.57%,19.26MiB / 256MiB
1787648341,heavy-prometheus-1,0.05%,137.9MiB / 7.654GiB
1787648345,heavy-coupon-api-1,9.34%,490.1MiB / 1GiB
1787648345,heavy-mock-external-1,0.24%,216.6MiB / 1GiB
1787648345,heavy-grafana-1,0.27%,278.9MiB / 7.654GiB
1787648345,heavy-toxiproxy-1,0.00%,12.24MiB / 7.654GiB
1787648345,heavy-postgres-1,0.00%,83.27MiB / 1GiB
1787648345,heavy-redis-1,0.88%,19.26MiB / 256MiB
1787648345,heavy-prometheus-1,0.24%,137.9MiB / 7.654GiB
1787648350,heavy-coupon-api-1,5.62%,489.5MiB / 1GiB
1787648350,heavy-mock-external-1,0.39%,216.6MiB / 1GiB
1787648350,heavy-grafana-1,0.17%,278.9MiB / 7.654GiB
1787648350,heavy-toxiproxy-1,0.00%,12.24MiB / 7.654GiB
1787648350,heavy-postgres-1,0.49%,83.27MiB / 1GiB
1787648350,heavy-redis-1,1.15%,19.26MiB / 256MiB
1787648350,heavy-prometheus-1,1.38%,137.9MiB / 7.654GiB
1787648354,heavy-coupon-api-1,8.54%,488.8MiB / 1GiB
1787648354,heavy-mock-external-1,0.12%,216.6MiB / 1GiB
1787648354,heavy-grafana-1,0.21%,278.9MiB / 7.654GiB
1787648354,heavy-toxiproxy-1,0.00%,12.24MiB / 7.654GiB
1787648354,heavy-postgres-1,0.00%,83.27MiB / 1GiB
1787648354,heavy-redis-1,0.76%,19.26MiB / 256MiB
1787648354,heavy-prometheus-1,1.20%,137.9MiB / 7.654GiB
1787648359,heavy-coupon-api-1,6.66%,488.5MiB / 1GiB
1787648359,heavy-mock-external-1,0.46%,216.6MiB / 1GiB
1787648359,heavy-grafana-1,0.15%,278.9MiB / 7.654GiB
1787648359,heavy-toxiproxy-1,0.00%,12.24MiB / 7.654GiB
1787648359,heavy-postgres-1,0.84%,83.27MiB / 1GiB
1787648359,heavy-redis-1,1.05%,19.26MiB / 256MiB
1787648359,heavy-prometheus-1,0.00%,137.9MiB / 7.654GiB
