1787648619,heavy-coupon-api-1,8.98%,373MiB / 1GiB
1787648619,heavy-mock-external-1,0.10%,218MiB / 1GiB
1787648619,heavy-grafana-1,0.17%,279MiB / 7.654GiB
1787648619,heavy-toxiproxy-1,0.01%,12.24MiB / 7.654GiB
1787648619,heavy-postgres-1,0.30%,83.27MiB / 1GiB
1787648619,heavy-redis-1,0.47%,19.26MiB / 256MiB
1787648619,heavy-prometheus-1,1.69%,138.1MiB / 7.654GiB
1787648624,heavy-coupon-api-1,18.59%,375.2MiB / 1GiB
1787648624,heavy-mock-external-1,0.09%,218MiB / 1GiB
1787648624,heavy-grafana-1,0.23%,279MiB / 7.654GiB
1787648624,heavy-toxiproxy-1,0.00%,12.24MiB / 7.654GiB
1787648624,heavy-postgres-1,0.00%,83.27MiB / 1GiB
1787648624,heavy-redis-1,0.67%,19.26MiB / 256MiB
1787648624,heavy-prometheus-1,1.58%,138.1MiB / 7.654GiB
1787648629,heavy-coupon-api-1,10.85%,376.5MiB / 1GiB
1787648629,heavy-mock-external-1,0.39%,218MiB / 1GiB
1787648629,heavy-grafana-1,0.19%,279MiB / 7.654GiB
1787648629,heavy-toxiproxy-1,0.00%,12.24MiB / 7.654GiB
1787648629,heavy-postgres-1,0.52%,83.29MiB / 1GiB
1787648629,heavy-redis-1,0.87%,19.26MiB / 256MiB
1787648629,heavy-prometheus-1,0.07%,138.1MiB / 7.654GiB
1787648633,heavy-coupon-api-1,20.30%,378.5MiB / 1GiB
1787648633,heavy-mock-external-1,0.12%,218MiB / 1GiB
1787648633,heavy-grafana-1,0.24%,279MiB / 7.654GiB
1787648633,heavy-toxiproxy-1,0.00%,12.24MiB / 7.654GiB
1787648633,heavy-postgres-1,0.00%,83.27MiB / 1GiB
1787648633,heavy-redis-1,0.70%,19.26MiB / 256MiB
1787648633,heavy-prometheus-1,0.10%,138.1MiB / 7.654GiB
1787648638,heavy-coupon-api-1,12.39%,379.2MiB / 1GiB
1787648638,heavy-mock-external-1,0.86%,218MiB / 1GiB
1787648638,heavy-grafana-1,0.40%,279MiB / 7.654GiB
1787648638,heavy-toxiproxy-1,0.00%,12.24MiB / 7.654GiB
1787648638,heavy-postgres-1,0.00%,83.27MiB / 1GiB
1787648638,heavy-redis-1,1.29%,19.26MiB / 256MiB
1787648638,heavy-prometheus-1,0.41%,138.1MiB / 7.654GiB
1787648642,heavy-coupon-api-1,9.03%,381.1MiB / 1GiB
1787648642,heavy-mock-external-1,0.23%,218MiB / 1GiB
1787648642,heavy-grafana-1,0.22%,279MiB / 7.654GiB
1787648642,heavy-toxiproxy-1,0.00%,12.24MiB / 7.654GiB
1787648642,heavy-postgres-1,0.02%,83.27MiB / 1GiB
1787648642,heavy-redis-1,0.86%,19.26MiB / 256MiB
1787648642,heavy-prometheus-1,0.00%,138.3MiB / 7.654GiB
1787648646,heavy-coupon-api-1,7.59%,381.3MiB / 1GiB
1787648646,heavy-mock-external-1,0.13%,218MiB / 1GiB
1787648646,heavy-grafana-1,0.21%,279MiB / 7.654GiB
1787648646,heavy-toxiproxy-1,0.00%,12.24MiB / 7.654GiB
1787648646,heavy-postgres-1,0.01%,83.27MiB / 1GiB
1787648646,heavy-redis-1,0.85%,19.26MiB / 256MiB
1787648646,heavy-prometheus-1,0.00%,138.3MiB / 7.654GiB
1787648651,heavy-coupon-api-1,7.07%,383.4MiB / 1GiB
1787648651,heavy-mock-external-1,2.13%,218.1MiB / 1GiB
1787648651,heavy-grafana-1,1.43%,279MiB / 7.654GiB
1787648651,heavy-toxiproxy-1,0.00%,12.24MiB / 7.654GiB
1787648651,heavy-postgres-1,0.56%,83.29MiB / 1GiB
1787648651,heavy-redis-1,1.12%,19.26MiB / 256MiB
1787648651,heavy-prometheus-1,0.43%,138.3MiB / 7.654GiB
1787648655,heavy-coupon-api-1,14.75%,386.5MiB / 1GiB
1787648655,heavy-mock-external-1,1.92%,218.1MiB / 1GiB
1787648655,heavy-grafana-1,0.22%,279MiB / 7.654GiB
1787648655,heavy-toxiproxy-1,0.00%,12.24MiB / 7.654GiB
1787648655,heavy-postgres-1,0.00%,83.27MiB / 1GiB
1787648655,heavy-redis-1,0.89%,19.51MiB / 256MiB
1787648655,heavy-prometheus-1,1.21%,138.3MiB / 7.654GiB
1787648660,heavy-coupon-api-1,20.07%,388.4MiB / 1GiB
1787648660,heavy-mock-external-1,0.62%,218.1MiB / 1GiB
1787648660,heavy-grafana-1,0.21%,279MiB / 7.654GiB
1787648660,heavy-toxiproxy-1,0.00%,12.24MiB / 7.654GiB
1787648660,heavy-postgres-1,0.54%,83.27MiB / 1GiB
1787648660,heavy-redis-1,0.78%,19.26MiB / 256MiB
1787648660,heavy-prometheus-1,0.49%,138.8MiB / 7.654GiB
1787648664,heavy-coupon-api-1,7.41%,390.1MiB / 1GiB
1787648664,heavy-mock-external-1,0.11%,218.1MiB / 1GiB
1787648664,heavy-grafana-1,0.15%,279MiB / 7.654GiB
1787648664,heavy-toxiproxy-1,0.00%,12.24MiB / 7.654GiB
1787648664,heavy-postgres-1,0.00%,83.27MiB / 1GiB
1787648664,heavy-redis-1,1.02%,19.26MiB / 256MiB
1787648664,heavy-prometheus-1,1.84%,138.7MiB / 7.654GiB
1787648669,heavy-coupon-api-1,10.95%,389.1MiB / 1GiB
1787648669,heavy-mock-external-1,0.66%,218.1MiB / 1GiB
1787648669,heavy-grafana-1,0.16%,279MiB / 7.654GiB
1787648669,heavy-toxiproxy-1,0.00%,12.24MiB / 7.654GiB
1787648669,heavy-postgres-1,0.62%,83.27MiB / 1GiB
1787648669,heavy-redis-1,0.69%,19.26MiB / 256MiB
1787648669,heavy-prometheus-1,0.26%,138.7MiB / 7.654GiB
1787648674,heavy-coupon-api-1,8.79%,389.5MiB / 1GiB
1787648674,heavy-mock-external-1,0.28%,218.1MiB / 1GiB
1787648674,heavy-grafana-1,0.23%,279MiB / 7.654GiB
1787648674,heavy-toxiproxy-1,0.00%,12.24MiB / 7.654GiB
1787648674,heavy-postgres-1,0.92%,83.27MiB / 1GiB
1787648674,heavy-redis-1,0.93%,19.26MiB / 256MiB
1787648674,heavy-prometheus-1,0.05%,138.7MiB / 7.654GiB
1787648678,heavy-coupon-api-1,12.15%,396.5MiB / 1GiB
1787648678,heavy-mock-external-1,0.13%,218.1MiB / 1GiB
1787648678,heavy-grafana-1,0.33%,279MiB / 7.654GiB
1787648678,heavy-toxiproxy-1,0.00%,12.24MiB / 7.654GiB
1787648678,heavy-postgres-1,0.00%,83.27MiB / 1GiB
1787648678,heavy-redis-1,0.98%,19.27MiB / 256MiB
1787648678,heavy-prometheus-1,0.14%,138.7MiB / 7.654GiB
1787648683,heavy-coupon-api-1,10.70%,397.3MiB / 1GiB
1787648683,heavy-mock-external-1,0.20%,218.2MiB / 1GiB
1787648683,heavy-grafana-1,0.22%,279MiB / 7.654GiB
1787648683,heavy-toxiproxy-1,0.00%,12.24MiB / 7.654GiB
1787648683,heavy-postgres-1,0.01%,83.27MiB / 1GiB
1787648683,heavy-redis-1,0.66%,19.26MiB / 256MiB
1787648683,heavy-prometheus-1,0.00%,140.7MiB / 7.654GiB
1787648687,heavy-coupon-api-1,6.65%,399.2MiB / 1GiB
1787648687,heavy-mock-external-1,0.45%,218.2MiB / 1GiB
1787648687,heavy-grafana-1,0.23%,279MiB / 7.654GiB
1787648687,heavy-toxiproxy-1,0.00%,12.24MiB / 7.654GiB
1787648687,heavy-postgres-1,0.60%,83.27MiB / 1GiB
1787648687,heavy-redis-1,1.05%,19.26MiB / 256MiB
1787648687,heavy-prometheus-1,0.92%,140.7MiB / 7.654GiB
1787648692,heavy-coupon-api-1,10.25%,403.1MiB / 1GiB
1787648692,heavy-mock-external-1,0.16%,218.2MiB / 1GiB
1787648692,heavy-grafana-1,0.17%,279MiB / 7.654GiB
1787648692,heavy-toxiproxy-1,0.00%,12.24MiB / 7.654GiB
1787648692,heavy-postgres-1,0.01%,83.27MiB / 1GiB
1787648692,heavy-redis-1,1.05%,19.26MiB / 256MiB
1787648692,heavy-prometheus-1,0.00%,140.7MiB / 7.654GiB
1787648696,heavy-coupon-api-1,12.40%,404.6MiB / 1GiB
1787648696,heavy-mock-external-1,0.40%,218.2MiB / 1GiB
1787648696,heavy-grafana-1,0.20%,279MiB / 7.654GiB
1787648696,heavy-toxiproxy-1,0.00%,12.24MiB / 7.654GiB
1787648696,heavy-postgres-1,0.57%,83.31MiB / 1GiB
1787648696,heavy-redis-1,0.84%,19.26MiB / 256MiB
1787648696,heavy-prometheus-1,0.14%,140.7MiB / 7.654GiB
1787648701,heavy-coupon-api-1,5.47%,404.7MiB / 1GiB
1787648701,heavy-mock-external-1,1.93%,218.2MiB / 1GiB
1787648701,heavy-grafana-1,0.95%,279MiB / 7.654GiB
1787648701,heavy-toxiproxy-1,0.00%,12.24MiB / 7.654GiB
1787648701,heavy-postgres-1,0.00%,83.29MiB / 1GiB
1787648701,heavy-redis-1,1.13%,19.26MiB / 256MiB
1787648701,heavy-prometheus-1,0.40%,140.7MiB / 7.654GiB
1787648705,heavy-coupon-api-1,4.72%,409.1MiB / 1GiB
1787648705,heavy-mock-external-1,3.95%,218.3MiB / 1GiB
1787648705,heavy-grafana-1,0.19%,279MiB / 7.654GiB
1787648705,heavy-toxiproxy-1,0.00%,12.24MiB / 7.654GiB
1787648705,heavy-postgres-1,0.83%,83.31MiB / 1GiB
1787648705,heavy-redis-1,1.15%,19.26MiB / 256MiB
1787648705,heavy-prometheus-1,1.13%,140.7MiB / 7.654GiB
1787648710,heavy-coupon-api-1,6.77%,411MiB / 1GiB
1787648710,heavy-mock-external-1,0.15%,218.3MiB / 1GiB
1787648710,heavy-grafana-1,1.58%,279MiB / 7.654GiB
1787648710,heavy-toxiproxy-1,0.00%,12.24MiB / 7.654GiB
1787648710,heavy-postgres-1,0.10%,83.27MiB / 1GiB
1787648710,heavy-redis-1,0.55%,19.51MiB / 256MiB
1787648710,heavy-prometheus-1,0.01%,140.7MiB / 7.654GiB
1787648714,heavy-coupon-api-1,7.19%,411.3MiB / 1GiB
1787648714,heavy-mock-external-1,0.55%,218.4MiB / 1GiB
1787648714,heavy-grafana-1,0.16%,279MiB / 7.654GiB
1787648714,heavy-toxiproxy-1,0.00%,12.24MiB / 7.654GiB
1787648714,heavy-postgres-1,0.78%,83.27MiB / 1GiB
1787648714,heavy-redis-1,0.81%,19.26MiB / 256MiB
1787648714,heavy-prometheus-1,0.36%,140.7MiB / 7.654GiB
1787648719,heavy-coupon-api-1,6.66%,422MiB / 1GiB
1787648719,heavy-mock-external-1,0.10%,218.3MiB / 1GiB
1787648719,heavy-grafana-1,0.21%,279MiB / 7.654GiB
1787648719,heavy-toxiproxy-1,0.00%,12.24MiB / 7.654GiB
1787648719,heavy-postgres-1,0.25%,83.27MiB / 1GiB
1787648719,heavy-redis-1,0.69%,19.26MiB / 256MiB
1787648719,heavy-prometheus-1,0.24%,141MiB / 7.654GiB
1787648724,heavy-coupon-api-1,4.57%,422MiB / 1GiB
1787648724,heavy-mock-external-1,0.44%,218.4MiB / 1GiB
1787648724,heavy-grafana-1,0.17%,279MiB / 7.654GiB
1787648724,heavy-toxiproxy-1,0.00%,12.24MiB / 7.654GiB
1787648724,heavy-postgres-1,0.05%,83.27MiB / 1GiB
1787648724,heavy-redis-1,0.90%,19.26MiB / 256MiB
1787648724,heavy-prometheus-1,0.03%,141MiB / 7.654GiB
1787648728,heavy-coupon-api-1,4.74%,422MiB / 1GiB
1787648728,heavy-mock-external-1,0.09%,218.4MiB / 1GiB
1787648728,heavy-grafana-1,0.48%,279MiB / 7.654GiB
1787648728,heavy-toxiproxy-1,0.00%,12.24MiB / 7.654GiB
1787648728,heavy-postgres-1,0.00%,83.27MiB / 1GiB
1787648728,heavy-redis-1,0.78%,19.26MiB / 256MiB
1787648728,heavy-prometheus-1,0.32%,141.2MiB / 7.654GiB
1787648733,heavy-coupon-api-1,4.40%,422MiB / 1GiB
1787648733,heavy-mock-external-1,0.52%,218.4MiB / 1GiB
1787648733,heavy-grafana-1,0.24%,279MiB / 7.654GiB
1787648733,heavy-toxiproxy-1,0.00%,12.24MiB / 7.654GiB
1787648733,heavy-postgres-1,0.69%,83.27MiB / 1GiB
1787648733,heavy-redis-1,1.04%,19.29MiB / 256MiB
1787648733,heavy-prometheus-1,0.00%,141.5MiB / 7.654GiB
1787648737,heavy-coupon-api-1,7.78%,422MiB / 1GiB
1787648737,heavy-mock-external-1,0.12%,218.4MiB / 1GiB
1787648737,heavy-grafana-1,0.22%,279MiB / 7.654GiB
1787648737,heavy-toxiproxy-1,0.00%,12.24MiB / 7.654GiB
1787648737,heavy-postgres-1,0.00%,83.27MiB / 1GiB
1787648737,heavy-redis-1,1.07%,19.27MiB / 256MiB
1787648737,heavy-prometheus-1,0.00%,141.9MiB / 7.654GiB
1787648742,heavy-coupon-api-1,7.74%,423.4MiB / 1GiB
1787648742,heavy-mock-external-1,1.43%,218.4MiB / 1GiB
1787648742,heavy-grafana-1,5.91%,279MiB / 7.654GiB
1787648742,heavy-toxiproxy-1,0.00%,12.24MiB / 7.654GiB
1787648742,heavy-postgres-1,1.66%,83.27MiB / 1GiB
1787648742,heavy-redis-1,1.19%,19.26MiB / 256MiB
1787648742,heavy-prometheus-1,0.00%,142.2MiB / 7.654GiB
1787648746,heavy-coupon-api-1,6.40%,425MiB / 1GiB
1787648746,heavy-mock-external-1,0.13%,218.5MiB / 1GiB
1787648746,heavy-grafana-1,0.26%,279MiB / 7.654GiB
1787648746,heavy-toxiproxy-1,0.00%,12.24MiB / 7.654GiB
1787648746,heavy-postgres-1,0.00%,83.29MiB / 1GiB
1787648746,heavy-redis-1,0.98%,19.26MiB / 256MiB
1787648746,heavy-prometheus-1,0.16%,144.3MiB / 7.654GiB
1787648751,heavy-coupon-api-1,16.98%,426.4MiB / 1GiB
1787648751,heavy-mock-external-1,1.95%,218.5MiB / 1GiB
1787648751,heavy-grafana-1,0.85%,279MiB / 7.654GiB
1787648751,heavy-toxiproxy-1,0.00%,12.24MiB / 7.654GiB
1787648751,heavy-postgres-1,0.55%,83.4MiB / 1GiB
1787648751,heavy-redis-1,0.87%,19.26MiB / 256MiB
1787648751,heavy-prometheus-1,0.49%,144.3MiB / 7.654GiB
1787648755,heavy-coupon-api-1,7.96%,435MiB / 1GiB
1787648755,heavy-mock-external-1,3.48%,218.5MiB / 1GiB
1787648755,heavy-grafana-1,0.27%,279MiB / 7.654GiB
1787648755,heavy-toxiproxy-1,0.00%,12.24MiB / 7.654GiB
1787648755,heavy-postgres-1,0.85%,83.27MiB / 1GiB
1787648755,heavy-redis-1,1.04%,19.26MiB / 256MiB
1787648755,heavy-prometheus-1,0.12%,144.3MiB / 7.654GiB
1787648760,heavy-coupon-api-1,7.04%,439.1MiB / 1GiB
1787648760,heavy-mock-external-1,0.43%,218.5MiB / 1GiB
1787648760,heavy-grafana-1,0.22%,279MiB / 7.654GiB
1787648760,heavy-toxiproxy-1,0.00%,12.24MiB / 7.654GiB
1787648760,heavy-postgres-1,1.26%,83.27MiB / 1GiB
1787648760,heavy-redis-1,1.09%,19.26MiB / 256MiB
1787648760,heavy-prometheus-1,1.38%,144.3MiB / 7.654GiB
1787648764,heavy-coupon-api-1,10.13%,450.6MiB / 1GiB
1787648764,heavy-mock-external-1,0.15%,218.6MiB / 1GiB
1787648764,heavy-grafana-1,0.30%,279MiB / 7.654GiB
1787648764,heavy-toxiproxy-1,0.00%,12.24MiB / 7.654GiB
1787648764,heavy-postgres-1,0.01%,83.27MiB / 1GiB
1787648764,heavy-redis-1,0.98%,19.26MiB / 256MiB
1787648764,heavy-prometheus-1,0.08%,144.3MiB / 7.654GiB
1787648769,heavy-coupon-api-1,9.92%,450.5MiB / 1GiB
1787648769,heavy-mock-external-1,0.47%,218.6MiB / 1GiB
1787648769,heavy-grafana-1,0.17%,279MiB / 7.654GiB
1787648769,heavy-toxiproxy-1,0.00%,12.24MiB / 7.654GiB
1787648769,heavy-postgres-1,0.73%,83.29MiB / 1GiB
1787648769,heavy-redis-1,0.76%,19.26MiB / 256MiB
1787648769,heavy-prometheus-1,0.32%,144.3MiB / 7.654GiB
1787648774,heavy-coupon-api-1,4.84%,450.1MiB / 1GiB
1787648774,heavy-mock-external-1,0.26%,218.6MiB / 1GiB
1787648774,heavy-grafana-1,0.24%,279MiB / 7.654GiB
1787648774,heavy-toxiproxy-1,0.00%,12.24MiB / 7.654GiB
1787648774,heavy-postgres-1,0.00%,83.27MiB / 1GiB
1787648774,heavy-redis-1,0.99%,19.51MiB / 256MiB
1787648774,heavy-prometheus-1,0.20%,144.3MiB / 7.654GiB
1787648778,heavy-coupon-api-1,3.77%,449.6MiB / 1GiB
1787648778,heavy-mock-external-1,0.41%,218.7MiB / 1GiB
1787648778,heavy-grafana-1,0.30%,279MiB / 7.654GiB
1787648778,heavy-toxiproxy-1,0.00%,12.24MiB / 7.654GiB
1787648778,heavy-postgres-1,0.66%,83.29MiB / 1GiB
1787648778,heavy-redis-1,1.19%,19.26MiB / 256MiB
1787648778,heavy-prometheus-1,0.00%,144.3MiB / 7.654GiB
1787648783,heavy-coupon-api-1,4.05%,449.3MiB / 1GiB
1787648783,heavy-mock-external-1,0.24%,218.7MiB / 1GiB
1787648783,heavy-grafana-1,0.16%,279MiB / 7.654GiB
1787648783,heavy-toxiproxy-1,0.00%,12.24MiB / 7.654GiB
1787648783,heavy-postgres-1,0.00%,83.27MiB / 1GiB
1787648783,heavy-redis-1,0.99%,19.26MiB / 256MiB
1787648783,heavy-prometheus-1,0.00%,144.3MiB / 7.654GiB
1787648787,heavy-coupon-api-1,3.56%,448.8MiB / 1GiB
1787648787,heavy-mock-external-1,0.50%,218.7MiB / 1GiB
1787648787,heavy-grafana-1,0.20%,279MiB / 7.654GiB
1787648787,heavy-toxiproxy-1,0.00%,12.24MiB / 7.654GiB
1787648787,heavy-postgres-1,0.51%,83.29MiB / 1GiB
1787648787,heavy-redis-1,1.15%,19.52MiB / 256MiB
1787648787,heavy-prometheus-1,0.29%,144.3MiB / 7.654GiB
1787648791,heavy-coupon-api-1,6.15%,448.4MiB / 1GiB
1787648791,heavy-mock-external-1,0.17%,218.8MiB / 1GiB
1787648791,heavy-grafana-1,0.32%,279MiB / 7.654GiB
1787648791,heavy-toxiproxy-1,0.00%,12.24MiB / 7.654GiB
1787648791,heavy-postgres-1,0.02%,83.27MiB / 1GiB
1787648791,heavy-redis-1,0.70%,19.25MiB / 256MiB
1787648791,heavy-prometheus-1,0.00%,144.3MiB / 7.654GiB
1787648796,heavy-coupon-api-1,6.42%,448MiB / 1GiB
1787648796,heavy-mock-external-1,0.48%,218.9MiB / 1GiB
1787648796,heavy-grafana-1,0.19%,279MiB / 7.654GiB
1787648796,heavy-toxiproxy-1,0.00%,12.24MiB / 7.654GiB
1787648796,heavy-postgres-1,0.54%,83.27MiB / 1GiB
1787648796,heavy-redis-1,1.04%,19.25MiB / 256MiB
1787648796,heavy-prometheus-1,0.13%,144.3MiB / 7.654GiB
