1787230822,heavy-coupon-api-1,48.65%,428.4MiB / 512MiB
1787230822,heavy-mock-external-1,0.12%,178.5MiB / 1GiB
1787230822,heavy-grafana-1,0.14%,262.6MiB / 7.653GiB
1787230822,heavy-toxiproxy-1,0.00%,5.055MiB / 7.653GiB
1787230822,heavy-prometheus-1,0.00%,141MiB / 7.653GiB
1787230822,heavy-postgres-1,0.00%,83.02MiB / 1GiB
1787230822,heavy-redis-1,0.52%,18.8MiB / 256MiB
1787230826,heavy-coupon-api-1,50.43%,447.7MiB / 512MiB
1787230826,heavy-mock-external-1,0.58%,178.5MiB / 1GiB
1787230826,heavy-grafana-1,0.26%,262.6MiB / 7.653GiB
1787230826,heavy-toxiproxy-1,0.00%,5.055MiB / 7.653GiB
1787230826,heavy-prometheus-1,0.50%,141MiB / 7.653GiB
1787230826,heavy-postgres-1,0.64%,83.02MiB / 1GiB
1787230826,heavy-redis-1,1.24%,18.8MiB / 256MiB
1787230831,heavy-coupon-api-1,39.80%,456.6MiB / 512MiB
1787230831,heavy-mock-external-1,0.07%,178.6MiB / 1GiB
1787230831,heavy-grafana-1,0.10%,262.6MiB / 7.653GiB
1787230831,heavy-toxiproxy-1,0.00%,5.055MiB / 7.653GiB
1787230831,heavy-prometheus-1,0.58%,141MiB / 7.653GiB
1787230831,heavy-postgres-1,0.01%,83.06MiB / 1GiB
1787230831,heavy-redis-1,0.43%,18.8MiB / 256MiB
1787230835,heavy-coupon-api-1,48.54%,456.6MiB / 512MiB
1787230835,heavy-mock-external-1,0.51%,178.6MiB / 1GiB
1787230835,heavy-grafana-1,0.18%,262.6MiB / 7.653GiB
1787230835,heavy-toxiproxy-1,0.00%,5.055MiB / 7.653GiB
1787230835,heavy-prometheus-1,0.16%,141MiB / 7.653GiB
1787230835,heavy-postgres-1,0.57%,83.02MiB / 1GiB
1787230835,heavy-redis-1,0.87%,18.8MiB / 256MiB
1787230840,heavy-coupon-api-1,43.40%,462.8MiB / 512MiB
1787230840,heavy-mock-external-1,0.20%,178.7MiB / 1GiB
1787230840,heavy-grafana-1,0.46%,262.6MiB / 7.653GiB
1787230840,heavy-toxiproxy-1,0.00%,5.055MiB / 7.653GiB
1787230840,heavy-prometheus-1,0.14%,141MiB / 7.653GiB
1787230840,heavy-postgres-1,0.00%,83.02MiB / 1GiB
1787230840,heavy-redis-1,0.47%,18.8MiB / 256MiB
1787230845,heavy-coupon-api-1,36.71%,458.7MiB / 512MiB
1787230845,heavy-mock-external-1,0.13%,178.8MiB / 1GiB
1787230845,heavy-grafana-1,0.25%,262.6MiB / 7.653GiB
1787230845,heavy-toxiproxy-1,0.00%,5.055MiB / 7.653GiB
1787230845,heavy-prometheus-1,0.00%,141.6MiB / 7.653GiB
1787230845,heavy-postgres-1,0.00%,83.02MiB / 1GiB
1787230845,heavy-redis-1,0.46%,18.8MiB / 256MiB
1787230850,heavy-coupon-api-1,44.33%,466.2MiB / 512MiB
1787230850,heavy-mock-external-1,0.10%,178.8MiB / 1GiB
1787230850,heavy-grafana-1,0.14%,262.6MiB / 7.653GiB
1787230850,heavy-toxiproxy-1,0.00%,5.055MiB / 7.653GiB
1787230850,heavy-prometheus-1,0.00%,141.9MiB / 7.653GiB
1787230850,heavy-postgres-1,0.00%,83.03MiB / 1GiB
1787230850,heavy-redis-1,0.74%,18.8MiB / 256MiB
1787230854,heavy-coupon-api-1,37.06%,466.7MiB / 512MiB
1787230854,heavy-mock-external-1,0.51%,178.9MiB / 1GiB
1787230854,heavy-grafana-1,0.15%,262.6MiB / 7.653GiB
1787230854,heavy-toxiproxy-1,0.00%,5.055MiB / 7.653GiB
1787230854,heavy-prometheus-1,0.24%,142.1MiB / 7.653GiB
1787230854,heavy-postgres-1,0.67%,83.02MiB / 1GiB
1787230854,heavy-redis-1,0.82%,18.8MiB / 256MiB
1787230859,heavy-coupon-api-1,36.94%,474.2MiB / 512MiB
1787230859,heavy-mock-external-1,0.29%,179.4MiB / 1GiB
1787230859,heavy-grafana-1,0.60%,262.6MiB / 7.653GiB
1787230859,heavy-toxiproxy-1,0.00%,5.055MiB / 7.653GiB
1787230859,heavy-prometheus-1,0.54%,142.1MiB / 7.653GiB
1787230859,heavy-postgres-1,0.53%,83.36MiB / 1GiB
1787230859,heavy-redis-1,0.46%,18.8MiB / 256MiB
1787230864,heavy-coupon-api-1,39.69%,476.9MiB / 512MiB
1787230864,heavy-mock-external-1,1.48%,178.9MiB / 1GiB
1787230864,heavy-grafana-1,0.23%,262.6MiB / 7.653GiB
1787230864,heavy-toxiproxy-1,0.00%,5.055MiB / 7.653GiB
1787230864,heavy-prometheus-1,0.08%,142.1MiB / 7.653GiB
1787230864,heavy-postgres-1,1.02%,83.02MiB / 1GiB
1787230864,heavy-redis-1,1.28%,18.8MiB / 256MiB
1787230868,heavy-coupon-api-1,31.82%,480.4MiB / 512MiB
1787230868,heavy-mock-external-1,0.49%,179MiB / 1GiB
1787230868,heavy-grafana-1,0.32%,262.6MiB / 7.653GiB
1787230868,heavy-toxiproxy-1,0.00%,5.055MiB / 7.653GiB
1787230868,heavy-prometheus-1,0.10%,142.1MiB / 7.653GiB
1787230868,heavy-postgres-1,0.83%,83.09MiB / 1GiB
1787230868,heavy-redis-1,0.93%,18.8MiB / 256MiB
1787230873,heavy-coupon-api-1,30.36%,480.5MiB / 512MiB
1787230873,heavy-mock-external-1,1.48%,179MiB / 1GiB
1787230873,heavy-grafana-1,0.31%,262.6MiB / 7.653GiB
1787230873,heavy-toxiproxy-1,0.00%,5.055MiB / 7.653GiB
1787230873,heavy-prometheus-1,0.16%,142.1MiB / 7.653GiB
1787230873,heavy-postgres-1,0.01%,83.02MiB / 1GiB
1787230873,heavy-redis-1,0.99%,18.8MiB / 256MiB
1787230877,heavy-coupon-api-1,30.61%,482.2MiB / 512MiB
1787230877,heavy-mock-external-1,2.67%,179MiB / 1GiB
1787230877,heavy-grafana-1,0.25%,262.6MiB / 7.653GiB
1787230877,heavy-toxiproxy-1,0.00%,5.055MiB / 7.653GiB
1787230877,heavy-prometheus-1,0.22%,142.1MiB / 7.653GiB
1787230877,heavy-postgres-1,0.00%,83.02MiB / 1GiB
1787230877,heavy-redis-1,1.15%,18.8MiB / 256MiB
1787230882,heavy-coupon-api-1,34.19%,493.3MiB / 512MiB
1787230882,heavy-mock-external-1,0.45%,179MiB / 1GiB
1787230882,heavy-grafana-1,0.40%,262.6MiB / 7.653GiB
1787230882,heavy-toxiproxy-1,0.00%,5.055MiB / 7.653GiB
1787230882,heavy-prometheus-1,0.92%,142.1MiB / 7.653GiB
1787230882,heavy-postgres-1,0.51%,83.02MiB / 1GiB
1787230882,heavy-redis-1,0.80%,18.8MiB / 256MiB
1787230886,heavy-coupon-api-1,27.77%,496.9MiB / 512MiB
1787230886,heavy-mock-external-1,0.30%,179MiB / 1GiB
1787230886,heavy-grafana-1,0.19%,262.6MiB / 7.653GiB
1787230886,heavy-toxiproxy-1,0.00%,5.055MiB / 7.653GiB
1787230886,heavy-prometheus-1,0.17%,142.1MiB / 7.653GiB
1787230886,heavy-postgres-1,0.00%,83.02MiB / 1GiB
1787230886,heavy-redis-1,0.92%,18.8MiB / 256MiB
1787230890,heavy-coupon-api-1,30.16%,471.3MiB / 512MiB
1787230890,heavy-mock-external-1,0.56%,179MiB / 1GiB
1787230890,heavy-grafana-1,0.29%,262.6MiB / 7.653GiB
1787230890,heavy-toxiproxy-1,0.00%,5.055MiB / 7.653GiB
1787230890,heavy-prometheus-1,0.07%,142.1MiB / 7.653GiB
1787230890,heavy-postgres-1,0.68%,83.02MiB / 1GiB
1787230890,heavy-redis-1,0.81%,18.8MiB / 256MiB
1787230895,heavy-coupon-api-1,22.20%,510.7MiB / 512MiB
1787230895,heavy-mock-external-1,0.31%,179MiB / 1GiB
1787230895,heavy-grafana-1,0.27%,262.6MiB / 7.653GiB
1787230895,heavy-toxiproxy-1,0.00%,5.055MiB / 7.653GiB
1787230895,heavy-prometheus-1,0.00%,142.1MiB / 7.653GiB
1787230895,heavy-postgres-1,0.00%,83.02MiB / 1GiB
1787230895,heavy-redis-1,0.97%,18.8MiB / 256MiB
1787230900,heavy-coupon-api-1,24.87%,511.4MiB / 512MiB
1787230900,heavy-mock-external-1,0.13%,179.1MiB / 1GiB
1787230900,heavy-grafana-1,0.69%,262.6MiB / 7.653GiB
1787230900,heavy-toxiproxy-1,0.00%,5.055MiB / 7.653GiB
1787230900,heavy-prometheus-1,0.00%,142.1MiB / 7.653GiB
1787230900,heavy-postgres-1,0.00%,83.02MiB / 1GiB
1787230900,heavy-redis-1,1.18%,18.8MiB / 256MiB
1787230904,heavy-coupon-api-1,30.86%,509.3MiB / 512MiB
1787230904,heavy-mock-external-1,0.23%,179.1MiB / 1GiB
1787230904,heavy-grafana-1,0.48%,262.6MiB / 7.653GiB
1787230904,heavy-toxiproxy-1,0.00%,5.055MiB / 7.653GiB
1787230904,heavy-prometheus-1,0.06%,142.1MiB / 7.653GiB
1787230904,heavy-postgres-1,0.08%,83.02MiB / 1GiB
1787230904,heavy-redis-1,1.18%,18.8MiB / 256MiB
1787230909,heavy-coupon-api-1,23.34%,510.7MiB / 512MiB
1787230909,heavy-mock-external-1,0.30%,179.1MiB / 1GiB
1787230909,heavy-grafana-1,0.75%,262.6MiB / 7.653GiB
1787230909,heavy-toxiproxy-1,0.00%,5.055MiB / 7.653GiB
1787230909,heavy-prometheus-1,0.06%,142.1MiB / 7.653GiB
1787230909,heavy-postgres-1,0.75%,83.02MiB / 1GiB
1787230909,heavy-redis-1,0.76%,18.8MiB / 256MiB
1787230914,heavy-coupon-api-1,25.85%,508.9MiB / 512MiB
1787230914,heavy-mock-external-1,0.77%,179.1MiB / 1GiB
1787230914,heavy-grafana-1,0.19%,262.6MiB / 7.653GiB
1787230914,heavy-toxiproxy-1,0.01%,5.055MiB / 7.653GiB
1787230914,heavy-prometheus-1,0.27%,142.1MiB / 7.653GiB
1787230914,heavy-postgres-1,0.80%,83.02MiB / 1GiB
1787230914,heavy-redis-1,1.37%,19.05MiB / 256MiB
1787230918,heavy-coupon-api-1,27.14%,510.3MiB / 512MiB
1787230918,heavy-mock-external-1,0.21%,179.2MiB / 1GiB
1787230918,heavy-grafana-1,0.24%,262.6MiB / 7.653GiB
1787230918,heavy-toxiproxy-1,0.00%,5.055MiB / 7.653GiB
1787230918,heavy-prometheus-1,0.29%,130.4MiB / 7.653GiB
1787230918,heavy-postgres-1,0.17%,83.02MiB / 1GiB
1787230918,heavy-redis-1,1.02%,18.8MiB / 256MiB
1787230923,heavy-coupon-api-1,22.47%,509.8MiB / 512MiB
1787230923,heavy-mock-external-1,2.09%,179.2MiB / 1GiB
1787230923,heavy-grafana-1,0.13%,262.6MiB / 7.653GiB
1787230923,heavy-toxiproxy-1,0.00%,5.055MiB / 7.653GiB
1787230923,heavy-prometheus-1,0.20%,130.5MiB / 7.653GiB
1787230923,heavy-postgres-1,0.10%,83.02MiB / 1GiB
1787230923,heavy-redis-1,0.90%,18.83MiB / 256MiB
1787230927,heavy-coupon-api-1,23.62%,510.6MiB / 512MiB
1787230927,heavy-mock-external-1,1.91%,179.2MiB / 1GiB
1787230927,heavy-grafana-1,0.22%,262.6MiB / 7.653GiB
1787230927,heavy-toxiproxy-1,0.00%,5.055MiB / 7.653GiB
1787230927,heavy-prometheus-1,0.06%,130.4MiB / 7.653GiB
1787230927,heavy-postgres-1,0.05%,83.04MiB / 1GiB
1787230927,heavy-redis-1,1.92%,18.8MiB / 256MiB
1787230932,heavy-coupon-api-1,17.65%,510.7MiB / 512MiB
1787230932,heavy-mock-external-1,0.19%,179.2MiB / 1GiB
1787230932,heavy-grafana-1,0.33%,262.6MiB / 7.653GiB
1787230932,heavy-toxiproxy-1,0.00%,5.055MiB / 7.653GiB
1787230932,heavy-prometheus-1,1.15%,130.7MiB / 7.653GiB
1787230932,heavy-postgres-1,0.00%,83.02MiB / 1GiB
1787230932,heavy-redis-1,1.01%,18.81MiB / 256MiB
1787230935,heavy-coupon-api-1,23.45%,510.4MiB / 512MiB
1787230935,heavy-mock-external-1,0.25%,179.2MiB / 1GiB
1787230935,heavy-grafana-1,0.33%,262.6MiB / 7.653GiB
1787230935,heavy-toxiproxy-1,0.00%,5.055MiB / 7.653GiB
1787230935,heavy-prometheus-1,0.18%,130.7MiB / 7.653GiB
1787230935,heavy-postgres-1,0.78%,83.04MiB / 1GiB
1787230935,heavy-redis-1,1.05%,18.8MiB / 256MiB
1787230940,heavy-coupon-api-1,22.14%,511.1MiB / 512MiB
1787230940,heavy-mock-external-1,0.17%,179.2MiB / 1GiB
1787230940,heavy-grafana-1,0.28%,262.6MiB / 7.653GiB
1787230940,heavy-toxiproxy-1,0.00%,5.055MiB / 7.653GiB
1787230940,heavy-prometheus-1,0.11%,130.7MiB / 7.653GiB
1787230940,heavy-postgres-1,0.00%,83.06MiB / 1GiB
1787230940,heavy-redis-1,1.29%,18.8MiB / 256MiB
1787230945,heavy-coupon-api-1,22.71%,510.8MiB / 512MiB
1787230945,heavy-mock-external-1,0.47%,179.2MiB / 1GiB
1787230945,heavy-grafana-1,0.10%,262.6MiB / 7.653GiB
1787230945,heavy-toxiproxy-1,0.00%,5.055MiB / 7.653GiB
1787230945,heavy-prometheus-1,0.00%,130.9MiB / 7.653GiB
1787230945,heavy-postgres-1,0.54%,83.02MiB / 1GiB
1787230945,heavy-redis-1,1.42%,18.8MiB / 256MiB
1787230950,heavy-coupon-api-1,38.98%,510.9MiB / 512MiB
1787230950,heavy-mock-external-1,0.08%,179.2MiB / 1GiB
1787230950,heavy-grafana-1,0.42%,262.6MiB / 7.653GiB
1787230950,heavy-toxiproxy-1,0.00%,5.055MiB / 7.653GiB
1787230950,heavy-prometheus-1,0.74%,130.9MiB / 7.653GiB
1787230950,heavy-postgres-1,0.29%,83.02MiB / 1GiB
1787230950,heavy-redis-1,0.44%,18.8MiB / 256MiB
1787230954,heavy-coupon-api-1,31.19%,509.8MiB / 512MiB
1787230954,heavy-mock-external-1,0.26%,179.3MiB / 1GiB
1787230954,heavy-grafana-1,0.18%,262.6MiB / 7.653GiB
1787230954,heavy-toxiproxy-1,0.00%,5.055MiB / 7.653GiB
1787230954,heavy-prometheus-1,0.06%,130.9MiB / 7.653GiB
1787230954,heavy-postgres-1,0.02%,83.02MiB / 1GiB
1787230954,heavy-redis-1,0.68%,18.8MiB / 256MiB
1787230959,heavy-coupon-api-1,28.41%,511.2MiB / 512MiB
1787230959,heavy-mock-external-1,0.15%,179.3MiB / 1GiB
1787230959,heavy-grafana-1,0.75%,262.6MiB / 7.653GiB
1787230959,heavy-toxiproxy-1,0.00%,5.055MiB / 7.653GiB
1787230959,heavy-prometheus-1,0.11%,130.9MiB / 7.653GiB
1787230959,heavy-postgres-1,0.00%,83.02MiB / 1GiB
1787230959,heavy-redis-1,1.00%,18.8MiB / 256MiB
1787230964,heavy-coupon-api-1,27.71%,511.3MiB / 512MiB
1787230964,heavy-mock-external-1,0.23%,179.3MiB / 1GiB
1787230964,heavy-grafana-1,0.19%,262.6MiB / 7.653GiB
1787230964,heavy-toxiproxy-1,0.00%,5.055MiB / 7.653GiB
1787230964,heavy-prometheus-1,0.43%,130.9MiB / 7.653GiB
1787230964,heavy-postgres-1,0.00%,83.02MiB / 1GiB
1787230964,heavy-redis-1,0.82%,18.8MiB / 256MiB
1787230968,heavy-coupon-api-1,25.96%,509.7MiB / 512MiB
1787230968,heavy-mock-external-1,0.90%,179.4MiB / 1GiB
1787230968,heavy-grafana-1,0.50%,262.6MiB / 7.653GiB
1787230968,heavy-toxiproxy-1,0.00%,5.055MiB / 7.653GiB
1787230968,heavy-prometheus-1,0.29%,130.9MiB / 7.653GiB
1787230968,heavy-postgres-1,0.78%,83.33MiB / 1GiB
1787230968,heavy-redis-1,1.37%,18.8MiB / 256MiB
1787230973,heavy-coupon-api-1,17.37%,511.5MiB / 512MiB
1787230973,heavy-mock-external-1,2.53%,179.4MiB / 1GiB
1787230973,heavy-grafana-1,0.40%,262.6MiB / 7.653GiB
1787230973,heavy-toxiproxy-1,0.00%,5.055MiB / 7.653GiB
1787230973,heavy-prometheus-1,0.25%,130.9MiB / 7.653GiB
1787230973,heavy-postgres-1,0.00%,83.06MiB / 1GiB
1787230973,heavy-redis-1,1.11%,18.8MiB / 256MiB
1787230977,heavy-coupon-api-1,32.02%,511.3MiB / 512MiB
1787230977,heavy-mock-external-1,2.21%,179.4MiB / 1GiB
1787230977,heavy-grafana-1,1.31%,262.8MiB / 7.653GiB
1787230977,heavy-toxiproxy-1,0.00%,5.055MiB / 7.653GiB
1787230977,heavy-prometheus-1,0.41%,130.9MiB / 7.653GiB
1787230977,heavy-postgres-1,0.00%,83.02MiB / 1GiB
1787230977,heavy-redis-1,0.55%,18.8MiB / 256MiB
1787230982,heavy-coupon-api-1,32.47%,504.5MiB / 512MiB
1787230982,heavy-mock-external-1,0.50%,179.4MiB / 1GiB
1787230982,heavy-grafana-1,0.20%,262.8MiB / 7.653GiB
1787230982,heavy-toxiproxy-1,0.00%,5.055MiB / 7.653GiB
1787230982,heavy-prometheus-1,0.68%,130.9MiB / 7.653GiB
1787230982,heavy-postgres-1,0.71%,83.02MiB / 1GiB
1787230982,heavy-redis-1,1.20%,18.8MiB / 256MiB
1787230986,heavy-coupon-api-1,23.59%,510.6MiB / 512MiB
1787230986,heavy-mock-external-1,0.18%,179.5MiB / 1GiB
1787230986,heavy-grafana-1,0.21%,262.8MiB / 7.653GiB
1787230986,heavy-toxiproxy-1,0.00%,5.055MiB / 7.653GiB
1787230986,heavy-prometheus-1,0.39%,130.9MiB / 7.653GiB
1787230986,heavy-postgres-1,0.00%,83.02MiB / 1GiB
1787230986,heavy-redis-1,0.87%,18.8MiB / 256MiB
1787230990,heavy-coupon-api-1,19.05%,510.1MiB / 512MiB
1787230990,heavy-mock-external-1,0.51%,179.4MiB / 1GiB
1787230990,heavy-grafana-1,0.28%,262.9MiB / 7.653GiB
1787230990,heavy-toxiproxy-1,0.00%,5.055MiB / 7.653GiB
1787230990,heavy-prometheus-1,0.25%,130.9MiB / 7.653GiB
1787230990,heavy-postgres-1,0.69%,83.02MiB / 1GiB
1787230990,heavy-redis-1,0.73%,18.8MiB / 256MiB
1787230995,heavy-coupon-api-1,20.40%,511MiB / 512MiB
1787230995,heavy-mock-external-1,0.14%,179.4MiB / 1GiB
1787230995,heavy-grafana-1,0.25%,262.9MiB / 7.653GiB
1787230995,heavy-toxiproxy-1,0.00%,5.055MiB / 7.653GiB
1787230995,heavy-prometheus-1,0.00%,130.9MiB / 7.653GiB
1787230995,heavy-postgres-1,0.05%,83.02MiB / 1GiB
1787230995,heavy-redis-1,1.43%,18.8MiB / 256MiB
1787231000,heavy-coupon-api-1,19.64%,510.5MiB / 512MiB
1787231000,heavy-mock-external-1,0.50%,179.4MiB / 1GiB
1787231000,heavy-grafana-1,0.59%,262.9MiB / 7.653GiB
1787231000,heavy-toxiproxy-1,0.00%,5.055MiB / 7.653GiB
1787231000,heavy-prometheus-1,0.00%,131.2MiB / 7.653GiB
1787231000,heavy-postgres-1,0.71%,83.02MiB / 1GiB
1787231000,heavy-redis-1,1.00%,18.8MiB / 256MiB
1787231004,heavy-coupon-api-1,28.43%,489.7MiB / 512MiB
1787231004,heavy-mock-external-1,0.24%,179.4MiB / 1GiB
1787231004,heavy-grafana-1,0.46%,262.9MiB / 7.653GiB
1787231004,heavy-toxiproxy-1,0.00%,5.055MiB / 7.653GiB
1787231004,heavy-prometheus-1,0.22%,131.2MiB / 7.653GiB
1787231004,heavy-postgres-1,0.01%,83.06MiB / 1GiB
1787231004,heavy-redis-1,0.91%,18.8MiB / 256MiB
