1787539144,heavy-coupon-api-1,19.96%,436MiB / 2GiB
1787539144,heavy-grafana-1,0.20%,111.1MiB / 7.654GiB
1787539144,heavy-toxiproxy-1,0.00%,3.012MiB / 7.654GiB
1787539144,heavy-postgres-1,0.00%,69.8MiB / 1GiB
1787539144,heavy-redis-1,0.60%,9.336MiB / 256MiB
1787539144,heavy-mock-external-1,0.12%,188MiB / 1GiB
1787539144,heavy-prometheus-1,0.40%,55.64MiB / 7.654GiB
1787539148,heavy-coupon-api-1,13.34%,435.9MiB / 2GiB
1787539148,heavy-grafana-1,0.41%,111.1MiB / 7.654GiB
1787539148,heavy-toxiproxy-1,0.00%,3.012MiB / 7.654GiB
1787539148,heavy-postgres-1,0.85%,69.8MiB / 1GiB
1787539148,heavy-redis-1,0.93%,9.336MiB / 256MiB
1787539148,heavy-mock-external-1,1.06%,188MiB / 1GiB
1787539148,heavy-prometheus-1,0.00%,55.64MiB / 7.654GiB
1787539152,heavy-coupon-api-1,15.07%,435.9MiB / 2GiB
1787539152,heavy-grafana-1,2.35%,111.1MiB / 7.654GiB
1787539152,heavy-toxiproxy-1,0.00%,3.012MiB / 7.654GiB
1787539152,heavy-postgres-1,0.02%,69.8MiB / 1GiB
1787539152,heavy-redis-1,0.67%,9.598MiB / 256MiB
1787539152,heavy-mock-external-1,0.27%,188MiB / 1GiB
1787539152,heavy-prometheus-1,0.12%,55.64MiB / 7.654GiB
1787539157,heavy-coupon-api-1,19.96%,436.4MiB / 2GiB
1787539157,heavy-grafana-1,0.22%,111.1MiB / 7.654GiB
1787539157,heavy-toxiproxy-1,0.00%,3.012MiB / 7.654GiB
1787539157,heavy-postgres-1,1.63%,69.8MiB / 1GiB
1787539157,heavy-redis-1,0.88%,9.336MiB / 256MiB
1787539157,heavy-mock-external-1,0.64%,188MiB / 1GiB
1787539157,heavy-prometheus-1,0.00%,55.64MiB / 7.654GiB
1787539161,heavy-coupon-api-1,26.68%,435.9MiB / 2GiB
1787539161,heavy-grafana-1,0.35%,111.1MiB / 7.654GiB
1787539161,heavy-toxiproxy-1,0.00%,3.012MiB / 7.654GiB
1787539161,heavy-postgres-1,0.00%,69.8MiB / 1GiB
1787539161,heavy-redis-1,0.54%,9.336MiB / 256MiB
1787539161,heavy-mock-external-1,0.06%,188MiB / 1GiB
1787539161,heavy-prometheus-1,0.00%,55.64MiB / 7.654GiB
1787539166,heavy-coupon-api-1,21.18%,435.8MiB / 2GiB
1787539166,heavy-grafana-1,0.09%,111.1MiB / 7.654GiB
1787539166,heavy-toxiproxy-1,0.00%,3.012MiB / 7.654GiB
1787539166,heavy-postgres-1,0.61%,69.8MiB / 1GiB
1787539166,heavy-redis-1,0.73%,9.348MiB / 256MiB
1787539166,heavy-mock-external-1,1.54%,188MiB / 1GiB
1787539166,heavy-prometheus-1,0.00%,55.64MiB / 7.654GiB
1787539170,heavy-coupon-api-1,27.36%,435.8MiB / 2GiB
1787539170,heavy-grafana-1,0.14%,111.1MiB / 7.654GiB
1787539170,heavy-toxiproxy-1,0.00%,3.012MiB / 7.654GiB
1787539170,heavy-postgres-1,0.00%,69.8MiB / 1GiB
1787539170,heavy-redis-1,0.39%,9.336MiB / 256MiB
1787539170,heavy-mock-external-1,0.08%,188MiB / 1GiB
1787539170,heavy-prometheus-1,0.17%,55.64MiB / 7.654GiB
1787539175,heavy-coupon-api-1,20.80%,436.2MiB / 2GiB
1787539175,heavy-grafana-1,0.06%,111.1MiB / 7.654GiB
1787539175,heavy-toxiproxy-1,0.00%,3.012MiB / 7.654GiB
1787539175,heavy-postgres-1,0.00%,69.8MiB / 1GiB
1787539175,heavy-redis-1,0.78%,9.336MiB / 256MiB
1787539175,heavy-mock-external-1,0.37%,188MiB / 1GiB
1787539175,heavy-prometheus-1,0.14%,55.64MiB / 7.654GiB
1787539179,heavy-coupon-api-1,18.07%,436.1MiB / 2GiB
1787539179,heavy-grafana-1,0.09%,111.1MiB / 7.654GiB
1787539179,heavy-toxiproxy-1,0.00%,3.012MiB / 7.654GiB
1787539179,heavy-postgres-1,0.00%,69.8MiB / 1GiB
1787539179,heavy-redis-1,0.66%,9.336MiB / 256MiB
1787539179,heavy-mock-external-1,0.52%,188MiB / 1GiB
1787539179,heavy-prometheus-1,0.34%,55.64MiB / 7.654GiB
1787539184,heavy-coupon-api-1,28.30%,436.1MiB / 2GiB
1787539184,heavy-grafana-1,0.09%,111.1MiB / 7.654GiB
1787539184,heavy-toxiproxy-1,0.00%,3.012MiB / 7.654GiB
1787539184,heavy-postgres-1,0.95%,69.8MiB / 1GiB
1787539184,heavy-redis-1,0.49%,9.336MiB / 256MiB
1787539184,heavy-mock-external-1,4.12%,188MiB / 1GiB
1787539184,heavy-prometheus-1,0.25%,55.64MiB / 7.654GiB
1787539189,heavy-coupon-api-1,29.51%,436.1MiB / 2GiB
1787539189,heavy-grafana-1,0.06%,111.1MiB / 7.654GiB
1787539189,heavy-toxiproxy-1,0.00%,3.012MiB / 7.654GiB
1787539189,heavy-postgres-1,0.00%,69.8MiB / 1GiB
1787539189,heavy-redis-1,0.53%,9.336MiB / 256MiB
1787539189,heavy-mock-external-1,0.07%,188MiB / 1GiB
1787539189,heavy-prometheus-1,0.12%,55.64MiB / 7.654GiB
1787539193,heavy-coupon-api-1,34.81%,435.8MiB / 2GiB
1787539193,heavy-grafana-1,0.09%,111.1MiB / 7.654GiB
1787539193,heavy-toxiproxy-1,0.00%,3.012MiB / 7.654GiB
1787539193,heavy-postgres-1,1.77%,69.8MiB / 1GiB
1787539193,heavy-redis-1,1.68%,9.336MiB / 256MiB
1787539193,heavy-mock-external-1,1.35%,188MiB / 1GiB
1787539193,heavy-prometheus-1,0.91%,55.65MiB / 7.654GiB
1787539197,heavy-coupon-api-1,22.25%,436.1MiB / 2GiB
1787539197,heavy-grafana-1,0.05%,111.1MiB / 7.654GiB
1787539197,heavy-toxiproxy-1,0.00%,3.012MiB / 7.654GiB
1787539197,heavy-postgres-1,0.00%,69.8MiB / 1GiB
1787539197,heavy-redis-1,0.44%,9.34MiB / 256MiB
1787539197,heavy-mock-external-1,0.06%,188MiB / 1GiB
1787539197,heavy-prometheus-1,0.00%,55.64MiB / 7.654GiB
1787539202,heavy-coupon-api-1,18.01%,436.3MiB / 2GiB
1787539202,heavy-grafana-1,0.27%,111.1MiB / 7.654GiB
1787539202,heavy-toxiproxy-1,0.00%,3.012MiB / 7.654GiB
1787539202,heavy-postgres-1,0.00%,69.8MiB / 1GiB
1787539202,heavy-redis-1,0.26%,9.336MiB / 256MiB
1787539202,heavy-mock-external-1,0.04%,188MiB / 1GiB
1787539202,heavy-prometheus-1,0.00%,55.64MiB / 7.654GiB
1787539207,heavy-coupon-api-1,22.39%,436.1MiB / 2GiB
1787539207,heavy-grafana-1,0.09%,111.1MiB / 7.654GiB
1787539207,heavy-toxiproxy-1,0.00%,3.012MiB / 7.654GiB
1787539207,heavy-postgres-1,0.00%,69.8MiB / 1GiB
1787539207,heavy-redis-1,0.45%,9.336MiB / 256MiB
1787539207,heavy-mock-external-1,0.06%,188MiB / 1GiB
1787539207,heavy-prometheus-1,0.00%,55.64MiB / 7.654GiB
1787539211,heavy-coupon-api-1,126.96%,436.8MiB / 2GiB
1787539211,heavy-grafana-1,22.03%,111.1MiB / 7.654GiB
1787539211,heavy-toxiproxy-1,0.00%,3.012MiB / 7.654GiB
1787539211,heavy-postgres-1,2.88%,69.8MiB / 1GiB
1787539211,heavy-redis-1,12.68%,9.336MiB / 256MiB
1787539211,heavy-mock-external-1,2.13%,188MiB / 1GiB
1787539211,heavy-prometheus-1,0.00%,55.64MiB / 7.654GiB
1787539216,heavy-coupon-api-1,81.60%,476.1MiB / 2GiB
1787539216,heavy-grafana-1,0.78%,111.1MiB / 7.654GiB
1787539216,heavy-toxiproxy-1,0.00%,3.012MiB / 7.654GiB
1787539216,heavy-postgres-1,0.00%,69.8MiB / 1GiB
1787539216,heavy-redis-1,0.88%,9.336MiB / 256MiB
1787539216,heavy-mock-external-1,0.44%,188MiB / 1GiB
1787539216,heavy-prometheus-1,0.00%,55.64MiB / 7.654GiB
1787539222,heavy-coupon-api-1,22.03%,490.4MiB / 2GiB
1787539222,heavy-grafana-1,0.75%,111.1MiB / 7.654GiB
1787539222,heavy-toxiproxy-1,0.00%,3.012MiB / 7.654GiB
1787539222,heavy-postgres-1,1.17%,69.8MiB / 1GiB
1787539222,heavy-redis-1,0.82%,9.336MiB / 256MiB
1787539222,heavy-mock-external-1,0.89%,188MiB / 1GiB
1787539222,heavy-prometheus-1,0.00%,55.64MiB / 7.654GiB
1787539226,heavy-coupon-api-1,52.25%,487.2MiB / 2GiB
1787539226,heavy-grafana-1,0.08%,111.1MiB / 7.654GiB
1787539226,heavy-toxiproxy-1,0.00%,3.012MiB / 7.654GiB
1787539226,heavy-postgres-1,0.41%,69.8MiB / 1GiB
1787539226,heavy-redis-1,1.04%,9.336MiB / 256MiB
1787539226,heavy-mock-external-1,0.20%,188MiB / 1GiB
1787539226,heavy-prometheus-1,0.00%,55.64MiB / 7.654GiB
1787539230,heavy-coupon-api-1,22.27%,486.9MiB / 2GiB
1787539230,heavy-grafana-1,13.41%,111.1MiB / 7.654GiB
1787539230,heavy-toxiproxy-1,0.00%,3.012MiB / 7.654GiB
1787539230,heavy-postgres-1,1.19%,69.8MiB / 1GiB
1787539230,heavy-redis-1,0.68%,9.336MiB / 256MiB
1787539230,heavy-mock-external-1,0.66%,188MiB / 1GiB
1787539230,heavy-prometheus-1,0.00%,55.64MiB / 7.654GiB
1787539235,heavy-coupon-api-1,278.93%,522.6MiB / 2GiB
1787539235,heavy-grafana-1,0.72%,111MiB / 7.654GiB
1787539235,heavy-toxiproxy-1,0.00%,3.012MiB / 7.654GiB
1787539235,heavy-postgres-1,0.00%,69.8MiB / 1GiB
1787539235,heavy-redis-1,0.78%,9.336MiB / 256MiB
1787539235,heavy-mock-external-1,8.51%,188MiB / 1GiB
1787539235,heavy-prometheus-1,0.79%,55.64MiB / 7.654GiB
1787539242,heavy-coupon-api-1,173.69%,869.7MiB / 2GiB
1787539242,heavy-grafana-1,0.39%,111.1MiB / 7.654GiB
1787539242,heavy-toxiproxy-1,0.00%,3.012MiB / 7.654GiB
1787539242,heavy-postgres-1,0.05%,69.8MiB / 1GiB
1787539242,heavy-redis-1,0.57%,9.336MiB / 256MiB
1787539242,heavy-mock-external-1,0.38%,188MiB / 1GiB
1787539242,heavy-prometheus-1,1.82%,55.64MiB / 7.654GiB
1787539248,heavy-coupon-api-1,28.69%,1013MiB / 2GiB
1787539248,heavy-grafana-1,1.27%,111.1MiB / 7.654GiB
1787539248,heavy-toxiproxy-1,0.00%,3.012MiB / 7.654GiB
1787539248,heavy-postgres-1,0.00%,69.8MiB / 1GiB
1787539248,heavy-redis-1,0.27%,9.336MiB / 256MiB
1787539248,heavy-mock-external-1,0.05%,188MiB / 1GiB
1787539248,heavy-prometheus-1,0.77%,55.64MiB / 7.654GiB
1787539253,heavy-coupon-api-1,38.77%,1.095GiB / 2GiB
1787539253,heavy-grafana-1,0.16%,111.1MiB / 7.654GiB
1787539253,heavy-toxiproxy-1,0.00%,3.012MiB / 7.654GiB
1787539253,heavy-postgres-1,0.00%,69.8MiB / 1GiB
1787539253,heavy-redis-1,0.39%,9.336MiB / 256MiB
1787539253,heavy-mock-external-1,0.15%,188MiB / 1GiB
1787539253,heavy-prometheus-1,1.27%,55.64MiB / 7.654GiB
1787539257,heavy-coupon-api-1,45.52%,1.098GiB / 2GiB
1787539257,heavy-grafana-1,0.11%,111.1MiB / 7.654GiB
1787539257,heavy-toxiproxy-1,0.00%,3.012MiB / 7.654GiB
1787539257,heavy-postgres-1,1.37%,69.8MiB / 1GiB
1787539257,heavy-redis-1,0.70%,9.336MiB / 256MiB
1787539257,heavy-mock-external-1,1.02%,188MiB / 1GiB
1787539257,heavy-prometheus-1,0.00%,57.65MiB / 7.654GiB
1787539261,heavy-coupon-api-1,22.16%,1.098GiB / 2GiB
1787539261,heavy-grafana-1,0.79%,111.1MiB / 7.654GiB
1787539261,heavy-toxiproxy-1,0.00%,3.012MiB / 7.654GiB
1787539261,heavy-postgres-1,0.01%,69.8MiB / 1GiB
1787539261,heavy-redis-1,0.27%,9.336MiB / 256MiB
1787539261,heavy-mock-external-1,0.06%,188MiB / 1GiB
1787539261,heavy-prometheus-1,0.00%,57.65MiB / 7.654GiB
1787539266,heavy-coupon-api-1,34.36%,1.105GiB / 2GiB
1787539266,heavy-grafana-1,0.17%,111.1MiB / 7.654GiB
1787539266,heavy-toxiproxy-1,0.00%,3.012MiB / 7.654GiB
1787539266,heavy-postgres-1,3.83%,69.8MiB / 1GiB
1787539266,heavy-redis-1,0.37%,9.336MiB / 256MiB
1787539266,heavy-mock-external-1,3.22%,188MiB / 1GiB
1787539266,heavy-prometheus-1,0.00%,57.65MiB / 7.654GiB
1787539270,heavy-coupon-api-1,20.10%,1.105GiB / 2GiB
1787539270,heavy-grafana-1,0.21%,111.1MiB / 7.654GiB
1787539270,heavy-toxiproxy-1,0.00%,3.012MiB / 7.654GiB
1787539270,heavy-postgres-1,0.00%,69.8MiB / 1GiB
1787539270,heavy-redis-1,0.27%,9.336MiB / 256MiB
1787539270,heavy-mock-external-1,0.06%,188MiB / 1GiB
1787539270,heavy-prometheus-1,0.00%,57.65MiB / 7.654GiB
1787539275,heavy-coupon-api-1,108.27%,1.105GiB / 2GiB
1787539275,heavy-grafana-1,2.58%,111.1MiB / 7.654GiB
1787539275,heavy-toxiproxy-1,0.00%,3.012MiB / 7.654GiB
1787539275,heavy-postgres-1,6.77%,69.8MiB / 1GiB
1787539275,heavy-redis-1,6.65%,9.336MiB / 256MiB
1787539275,heavy-mock-external-1,12.10%,188MiB / 1GiB
1787539275,heavy-prometheus-1,0.24%,57.65MiB / 7.654GiB
1787539280,heavy-coupon-api-1,90.80%,1.154GiB / 2GiB
1787539280,heavy-grafana-1,0.35%,111.1MiB / 7.654GiB
1787539280,heavy-toxiproxy-1,0.00%,3.012MiB / 7.654GiB
1787539280,heavy-postgres-1,3.92%,69.8MiB / 1GiB
1787539280,heavy-redis-1,0.46%,9.336MiB / 256MiB
1787539280,heavy-mock-external-1,0.13%,188MiB / 1GiB
1787539280,heavy-prometheus-1,1.87%,57.65MiB / 7.654GiB
1787539285,heavy-coupon-api-1,34.44%,1.151GiB / 2GiB
1787539285,heavy-grafana-1,0.12%,111.1MiB / 7.654GiB
1787539285,heavy-toxiproxy-1,0.00%,3.012MiB / 7.654GiB
1787539285,heavy-postgres-1,0.00%,69.8MiB / 1GiB
1787539285,heavy-redis-1,0.99%,9.336MiB / 256MiB
1787539285,heavy-mock-external-1,0.06%,188MiB / 1GiB
1787539285,heavy-prometheus-1,0.00%,57.65MiB / 7.654GiB
1787539289,heavy-coupon-api-1,33.39%,825.8MiB / 2GiB
1787539289,heavy-grafana-1,1.11%,111.1MiB / 7.654GiB
1787539289,heavy-toxiproxy-1,0.00%,3.012MiB / 7.654GiB
1787539289,heavy-postgres-1,0.05%,69.8MiB / 1GiB
1787539289,heavy-redis-1,0.39%,9.336MiB / 256MiB
1787539289,heavy-mock-external-1,3.35%,188MiB / 1GiB
1787539289,heavy-prometheus-1,0.38%,57.66MiB / 7.654GiB
1787539294,heavy-coupon-api-1,2.03%,821.9MiB / 2GiB
1787539294,heavy-grafana-1,0.17%,111.1MiB / 7.654GiB
1787539294,heavy-toxiproxy-1,0.00%,3.012MiB / 7.654GiB
1787539294,heavy-postgres-1,1.15%,69.8MiB / 1GiB
1787539294,heavy-redis-1,1.28%,9.336MiB / 256MiB
1787539294,heavy-mock-external-1,3.12%,188.1MiB / 1GiB
1787539294,heavy-prometheus-1,2.23%,58.39MiB / 7.654GiB
