1787536354,heavy-coupon-api-1,26.37%,397.9MiB / 2GiB
1787536354,heavy-grafana-1,0.11%,110.9MiB / 7.654GiB
1787536354,heavy-toxiproxy-1,0.00%,3.012MiB / 7.654GiB
1787536354,heavy-postgres-1,0.57%,69.8MiB / 1GiB
1787536354,heavy-redis-1,0.67%,9.336MiB / 256MiB
1787536354,heavy-mock-external-1,0.40%,179.3MiB / 1GiB
1787536354,heavy-prometheus-1,0.00%,51.75MiB / 7.654GiB
1787536359,heavy-coupon-api-1,27.48%,402MiB / 2GiB
1787536359,heavy-grafana-1,0.08%,110.9MiB / 7.654GiB
1787536359,heavy-toxiproxy-1,0.00%,3.012MiB / 7.654GiB
1787536359,heavy-postgres-1,0.00%,69.8MiB / 1GiB
1787536359,heavy-redis-1,0.38%,9.336MiB / 256MiB
1787536359,heavy-mock-external-1,0.06%,179.3MiB / 1GiB
1787536359,heavy-prometheus-1,0.20%,51.75MiB / 7.654GiB
1787536363,heavy-coupon-api-1,29.19%,406MiB / 2GiB
1787536363,heavy-grafana-1,0.11%,110.9MiB / 7.654GiB
1787536363,heavy-toxiproxy-1,0.00%,3.012MiB / 7.654GiB
1787536363,heavy-postgres-1,0.48%,69.8MiB / 1GiB
1787536363,heavy-redis-1,0.47%,9.336MiB / 256MiB
1787536363,heavy-mock-external-1,0.34%,179.3MiB / 1GiB
1787536363,heavy-prometheus-1,0.07%,51.76MiB / 7.654GiB
1787536368,heavy-coupon-api-1,35.19%,407.3MiB / 2GiB
1787536368,heavy-grafana-1,0.50%,110.9MiB / 7.654GiB
1787536368,heavy-toxiproxy-1,0.00%,3.012MiB / 7.654GiB
1787536368,heavy-postgres-1,0.00%,69.8MiB / 1GiB
1787536368,heavy-redis-1,0.29%,9.336MiB / 256MiB
1787536368,heavy-mock-external-1,0.09%,179.3MiB / 1GiB
1787536368,heavy-prometheus-1,0.14%,51.76MiB / 7.654GiB
1787536372,heavy-coupon-api-1,36.16%,407.3MiB / 2GiB
1787536372,heavy-grafana-1,0.10%,110.9MiB / 7.654GiB
1787536372,heavy-toxiproxy-1,0.00%,3.012MiB / 7.654GiB
1787536372,heavy-postgres-1,0.81%,69.8MiB / 1GiB
1787536372,heavy-redis-1,0.57%,9.336MiB / 256MiB
1787536372,heavy-mock-external-1,0.54%,179.4MiB / 1GiB
1787536372,heavy-prometheus-1,0.10%,51.77MiB / 7.654GiB
1787536376,heavy-coupon-api-1,39.86%,407.8MiB / 2GiB
1787536376,heavy-grafana-1,0.08%,110.9MiB / 7.654GiB
1787536376,heavy-toxiproxy-1,0.00%,3.012MiB / 7.654GiB
1787536376,heavy-postgres-1,0.25%,69.81MiB / 1GiB
1787536376,heavy-redis-1,0.26%,9.34MiB / 256MiB
1787536376,heavy-mock-external-1,0.03%,179.4MiB / 1GiB
1787536376,heavy-prometheus-1,0.11%,51.77MiB / 7.654GiB
1787536380,heavy-coupon-api-1,42.01%,406.9MiB / 2GiB
1787536380,heavy-grafana-1,0.09%,110.9MiB / 7.654GiB
1787536380,heavy-toxiproxy-1,0.00%,3.012MiB / 7.654GiB
1787536380,heavy-postgres-1,0.01%,69.8MiB / 1GiB
1787536380,heavy-redis-1,0.25%,9.336MiB / 256MiB
1787536380,heavy-mock-external-1,0.47%,179.4MiB / 1GiB
1787536380,heavy-prometheus-1,0.35%,51.77MiB / 7.654GiB
1787536385,heavy-coupon-api-1,46.81%,415.3MiB / 2GiB
1787536385,heavy-grafana-1,0.08%,110.9MiB / 7.654GiB
1787536385,heavy-toxiproxy-1,0.00%,3.012MiB / 7.654GiB
1787536385,heavy-postgres-1,0.01%,69.8MiB / 1GiB
1787536385,heavy-redis-1,0.24%,9.59MiB / 256MiB
1787536385,heavy-mock-external-1,0.68%,179.4MiB / 1GiB
1787536385,heavy-prometheus-1,0.06%,51.77MiB / 7.654GiB
1787536390,heavy-coupon-api-1,44.38%,411.8MiB / 2GiB
1787536390,heavy-grafana-1,0.05%,110.9MiB / 7.654GiB
1787536390,heavy-toxiproxy-1,0.00%,3.012MiB / 7.654GiB
1787536390,heavy-postgres-1,0.00%,69.8MiB / 1GiB
1787536390,heavy-redis-1,0.22%,9.34MiB / 256MiB
1787536390,heavy-mock-external-1,0.03%,179.4MiB / 1GiB
1787536390,heavy-prometheus-1,0.03%,51.77MiB / 7.654GiB
1787536394,heavy-coupon-api-1,59.89%,412.1MiB / 2GiB
1787536394,heavy-grafana-1,0.16%,110.9MiB / 7.654GiB
1787536394,heavy-toxiproxy-1,0.00%,3.012MiB / 7.654GiB
1787536394,heavy-postgres-1,0.00%,69.8MiB / 1GiB
1787536394,heavy-redis-1,0.31%,9.336MiB / 256MiB
1787536394,heavy-mock-external-1,0.06%,179.4MiB / 1GiB
1787536394,heavy-prometheus-1,0.00%,51.77MiB / 7.654GiB
1787536399,heavy-coupon-api-1,57.26%,413.2MiB / 2GiB
1787536399,heavy-grafana-1,0.07%,110.9MiB / 7.654GiB
1787536399,heavy-toxiproxy-1,0.00%,3.012MiB / 7.654GiB
1787536399,heavy-postgres-1,0.01%,69.8MiB / 1GiB
1787536399,heavy-redis-1,0.26%,9.336MiB / 256MiB
1787536399,heavy-mock-external-1,0.03%,179.4MiB / 1GiB
1787536399,heavy-prometheus-1,0.70%,51.78MiB / 7.654GiB
1787536404,heavy-coupon-api-1,75.03%,415.2MiB / 2GiB
1787536404,heavy-grafana-1,0.17%,110.9MiB / 7.654GiB
1787536404,heavy-toxiproxy-1,0.00%,3.012MiB / 7.654GiB
1787536404,heavy-postgres-1,0.00%,69.8MiB / 1GiB
1787536404,heavy-redis-1,0.76%,9.336MiB / 256MiB
1787536404,heavy-mock-external-1,0.06%,179.4MiB / 1GiB
1787536404,heavy-prometheus-1,0.03%,51.77MiB / 7.654GiB
1787536408,heavy-coupon-api-1,61.75%,417.3MiB / 2GiB
1787536408,heavy-grafana-1,0.76%,110.9MiB / 7.654GiB
1787536408,heavy-toxiproxy-1,0.00%,3.012MiB / 7.654GiB
1787536408,heavy-postgres-1,0.00%,69.8MiB / 1GiB
1787536408,heavy-redis-1,0.27%,9.336MiB / 256MiB
1787536408,heavy-mock-external-1,0.09%,179.4MiB / 1GiB
1787536408,heavy-prometheus-1,0.08%,51.77MiB / 7.654GiB
1787536412,heavy-coupon-api-1,69.83%,415.5MiB / 2GiB
1787536412,heavy-grafana-1,0.10%,110.9MiB / 7.654GiB
1787536412,heavy-toxiproxy-1,0.00%,3.012MiB / 7.654GiB
1787536412,heavy-postgres-1,0.00%,69.8MiB / 1GiB
1787536412,heavy-redis-1,0.25%,9.336MiB / 256MiB
1787536412,heavy-mock-external-1,0.04%,179.5MiB / 1GiB
1787536412,heavy-prometheus-1,0.16%,51.78MiB / 7.654GiB
1787536417,heavy-coupon-api-1,74.66%,415.9MiB / 2GiB
1787536417,heavy-grafana-1,0.08%,110.9MiB / 7.654GiB
1787536417,heavy-toxiproxy-1,0.00%,3.012MiB / 7.654GiB
1787536417,heavy-postgres-1,0.45%,69.8MiB / 1GiB
1787536417,heavy-redis-1,0.25%,9.336MiB / 256MiB
1787536417,heavy-mock-external-1,0.04%,179.5MiB / 1GiB
1787536417,heavy-prometheus-1,0.16%,51.78MiB / 7.654GiB
1787536420,heavy-coupon-api-1,88.02%,416.2MiB / 2GiB
1787536420,heavy-grafana-1,0.11%,110.9MiB / 7.654GiB
1787536420,heavy-toxiproxy-1,0.00%,3.012MiB / 7.654GiB
1787536420,heavy-postgres-1,0.61%,69.81MiB / 1GiB
1787536420,heavy-redis-1,0.80%,9.348MiB / 256MiB
1787536420,heavy-mock-external-1,1.00%,179.5MiB / 1GiB
1787536420,heavy-prometheus-1,0.49%,51.79MiB / 7.654GiB
1787536425,heavy-coupon-api-1,79.84%,416.3MiB / 2GiB
1787536425,heavy-grafana-1,0.06%,110.9MiB / 7.654GiB
1787536425,heavy-toxiproxy-1,0.00%,3.012MiB / 7.654GiB
1787536425,heavy-postgres-1,0.00%,69.8MiB / 1GiB
1787536425,heavy-redis-1,0.25%,9.59MiB / 256MiB
1787536425,heavy-mock-external-1,3.06%,179.5MiB / 1GiB
1787536425,heavy-prometheus-1,0.19%,51.79MiB / 7.654GiB
1787536430,heavy-coupon-api-1,85.81%,416.4MiB / 2GiB
1787536430,heavy-grafana-1,0.07%,110.9MiB / 7.654GiB
1787536430,heavy-toxiproxy-1,0.00%,3.012MiB / 7.654GiB
1787536430,heavy-postgres-1,0.01%,69.8MiB / 1GiB
1787536430,heavy-redis-1,0.51%,9.336MiB / 256MiB
1787536430,heavy-mock-external-1,0.57%,179.5MiB / 1GiB
1787536430,heavy-prometheus-1,0.00%,51.79MiB / 7.654GiB
1787536434,heavy-coupon-api-1,91.43%,438MiB / 2GiB
1787536434,heavy-grafana-1,0.09%,110.9MiB / 7.654GiB
1787536434,heavy-toxiproxy-1,0.00%,3.012MiB / 7.654GiB
1787536434,heavy-postgres-1,0.00%,69.81MiB / 1GiB
1787536434,heavy-redis-1,0.27%,9.336MiB / 256MiB
1787536434,heavy-mock-external-1,0.04%,179.5MiB / 1GiB
1787536434,heavy-prometheus-1,0.00%,51.79MiB / 7.654GiB
1787536439,heavy-coupon-api-1,183.77%,495.7MiB / 2GiB
1787536439,heavy-grafana-1,19.23%,110.9MiB / 7.654GiB
1787536439,heavy-toxiproxy-1,0.00%,3.012MiB / 7.654GiB
1787536439,heavy-postgres-1,25.51%,69.82MiB / 1GiB
1787536439,heavy-redis-1,3.17%,9.336MiB / 256MiB
1787536439,heavy-mock-external-1,101.65%,179.6MiB / 1GiB
1787536439,heavy-prometheus-1,0.00%,51.79MiB / 7.654GiB
1787536444,heavy-coupon-api-1,122.14%,499MiB / 2GiB
1787536444,heavy-grafana-1,0.22%,110.9MiB / 7.654GiB
1787536444,heavy-toxiproxy-1,0.03%,3.012MiB / 7.654GiB
1787536444,heavy-postgres-1,0.01%,69.8MiB / 1GiB
1787536444,heavy-redis-1,0.31%,9.336MiB / 256MiB
1787536444,heavy-mock-external-1,0.13%,179.6MiB / 1GiB
1787536444,heavy-prometheus-1,1.02%,51.79MiB / 7.654GiB
1787536448,heavy-coupon-api-1,144.75%,499MiB / 2GiB
1787536448,heavy-grafana-1,0.73%,110.9MiB / 7.654GiB
1787536448,heavy-toxiproxy-1,0.00%,3.012MiB / 7.654GiB
1787536448,heavy-postgres-1,1.77%,69.8MiB / 1GiB
1787536448,heavy-redis-1,0.70%,9.336MiB / 256MiB
1787536448,heavy-mock-external-1,0.74%,179.6MiB / 1GiB
1787536448,heavy-prometheus-1,0.17%,51.79MiB / 7.654GiB
1787536453,heavy-coupon-api-1,110.60%,498.9MiB / 2GiB
1787536453,heavy-grafana-1,0.07%,110.9MiB / 7.654GiB
1787536453,heavy-toxiproxy-1,0.00%,3.012MiB / 7.654GiB
1787536453,heavy-postgres-1,0.02%,69.8MiB / 1GiB
1787536453,heavy-redis-1,0.25%,9.336MiB / 256MiB
1787536453,heavy-mock-external-1,0.05%,179.6MiB / 1GiB
1787536453,heavy-prometheus-1,0.00%,51.79MiB / 7.654GiB
1787536461,heavy-coupon-api-1,117.30%,498.7MiB / 2GiB
1787536461,heavy-grafana-1,1.02%,111MiB / 7.654GiB
1787536461,heavy-toxiproxy-1,0.00%,3.012MiB / 7.654GiB
1787536461,heavy-postgres-1,0.59%,69.95MiB / 1GiB
1787536461,heavy-redis-1,0.46%,9.336MiB / 256MiB
1787536461,heavy-mock-external-1,0.32%,179.6MiB / 1GiB
1787536461,heavy-prometheus-1,0.00%,51.79MiB / 7.654GiB
1787536465,heavy-coupon-api-1,120.82%,498.6MiB / 2GiB
1787536465,heavy-grafana-1,0.07%,110.9MiB / 7.654GiB
1787536465,heavy-toxiproxy-1,0.00%,3.012MiB / 7.654GiB
1787536465,heavy-postgres-1,0.01%,69.8MiB / 1GiB
1787536465,heavy-redis-1,0.26%,9.336MiB / 256MiB
1787536465,heavy-mock-external-1,0.05%,179.6MiB / 1GiB
1787536465,heavy-prometheus-1,0.28%,51.79MiB / 7.654GiB
1787536470,heavy-coupon-api-1,131.24%,498.9MiB / 2GiB
1787536470,heavy-grafana-1,0.09%,110.9MiB / 7.654GiB
1787536470,heavy-toxiproxy-1,0.00%,3.012MiB / 7.654GiB
1787536470,heavy-postgres-1,0.18%,69.8MiB / 1GiB
1787536470,heavy-redis-1,0.58%,9.34MiB / 256MiB
1787536470,heavy-mock-external-1,0.40%,179.7MiB / 1GiB
1787536470,heavy-prometheus-1,0.26%,51.79MiB / 7.654GiB
1787536474,heavy-coupon-api-1,131.25%,498.8MiB / 2GiB
1787536474,heavy-grafana-1,0.10%,110.9MiB / 7.654GiB
1787536474,heavy-toxiproxy-1,0.00%,3.012MiB / 7.654GiB
1787536474,heavy-postgres-1,0.02%,69.8MiB / 1GiB
1787536474,heavy-redis-1,0.61%,9.336MiB / 256MiB
1787536474,heavy-mock-external-1,1.99%,179.7MiB / 1GiB
1787536474,heavy-prometheus-1,0.26%,51.79MiB / 7.654GiB
1787536479,heavy-coupon-api-1,132.55%,499.3MiB / 2GiB
1787536479,heavy-grafana-1,0.09%,110.9MiB / 7.654GiB
1787536479,heavy-toxiproxy-1,0.00%,3.012MiB / 7.654GiB
1787536479,heavy-postgres-1,0.78%,69.81MiB / 1GiB
1787536479,heavy-redis-1,0.44%,9.336MiB / 256MiB
1787536479,heavy-mock-external-1,0.90%,179.7MiB / 1GiB
1787536479,heavy-prometheus-1,0.41%,51.79MiB / 7.654GiB
1787536484,heavy-coupon-api-1,132.56%,499.3MiB / 2GiB
1787536484,heavy-grafana-1,0.06%,110.9MiB / 7.654GiB
1787536484,heavy-toxiproxy-1,0.00%,3.012MiB / 7.654GiB
1787536484,heavy-postgres-1,0.55%,69.82MiB / 1GiB
1787536484,heavy-redis-1,0.51%,9.586MiB / 256MiB
1787536484,heavy-mock-external-1,0.44%,179.7MiB / 1GiB
1787536484,heavy-prometheus-1,0.57%,51.8MiB / 7.654GiB
1787536488,heavy-coupon-api-1,134.99%,499.2MiB / 2GiB
1787536488,heavy-grafana-1,0.19%,110.9MiB / 7.654GiB
1787536488,heavy-toxiproxy-1,0.00%,3.012MiB / 7.654GiB
1787536488,heavy-postgres-1,1.62%,69.8MiB / 1GiB
1787536488,heavy-redis-1,0.64%,9.336MiB / 256MiB
1787536488,heavy-mock-external-1,0.47%,179.8MiB / 1GiB
1787536488,heavy-prometheus-1,0.00%,51.79MiB / 7.654GiB
1787536493,heavy-coupon-api-1,129.41%,499.2MiB / 2GiB
1787536493,heavy-grafana-1,0.05%,110.9MiB / 7.654GiB
1787536493,heavy-toxiproxy-1,0.00%,3.012MiB / 7.654GiB
1787536493,heavy-postgres-1,0.00%,69.86MiB / 1GiB
1787536493,heavy-redis-1,0.24%,9.336MiB / 256MiB
1787536493,heavy-mock-external-1,0.04%,179.8MiB / 1GiB
1787536493,heavy-prometheus-1,0.07%,51.79MiB / 7.654GiB
1787536497,heavy-coupon-api-1,133.10%,499.8MiB / 2GiB
1787536497,heavy-grafana-1,0.50%,110.9MiB / 7.654GiB
1787536497,heavy-toxiproxy-1,0.00%,3.012MiB / 7.654GiB
1787536497,heavy-postgres-1,0.55%,69.85MiB / 1GiB
1787536497,heavy-redis-1,0.45%,9.359MiB / 256MiB
1787536497,heavy-mock-external-1,0.38%,179.8MiB / 1GiB
1787536497,heavy-prometheus-1,0.06%,51.79MiB / 7.654GiB
1787536502,heavy-coupon-api-1,141.83%,499.8MiB / 2GiB
1787536502,heavy-grafana-1,0.47%,111MiB / 7.654GiB
1787536502,heavy-toxiproxy-1,0.00%,3.012MiB / 7.654GiB
1787536502,heavy-postgres-1,0.00%,69.81MiB / 1GiB
1787536502,heavy-redis-1,0.31%,9.336MiB / 256MiB
1787536502,heavy-mock-external-1,0.09%,179.8MiB / 1GiB
1787536502,heavy-prometheus-1,0.11%,51.79MiB / 7.654GiB
1787536506,heavy-coupon-api-1,133.29%,499.4MiB / 2GiB
1787536506,heavy-grafana-1,0.12%,110.9MiB / 7.654GiB
1787536506,heavy-toxiproxy-1,0.00%,3.012MiB / 7.654GiB
1787536506,heavy-postgres-1,0.00%,69.8MiB / 1GiB
1787536506,heavy-redis-1,0.68%,9.41MiB / 256MiB
1787536506,heavy-mock-external-1,0.69%,180MiB / 1GiB
1787536506,heavy-prometheus-1,0.15%,51.79MiB / 7.654GiB
