1787538940,heavy-coupon-api-1,20.58%,393.8MiB / 2GiB
1787538940,heavy-grafana-1,0.17%,111MiB / 7.654GiB
1787538940,heavy-toxiproxy-1,0.00%,3.012MiB / 7.654GiB
1787538940,heavy-postgres-1,1.45%,69.83MiB / 1GiB
1787538940,heavy-redis-1,0.95%,9.336MiB / 256MiB
1787538940,heavy-mock-external-1,0.70%,187.8MiB / 1GiB
1787538940,heavy-prometheus-1,0.48%,57.5MiB / 7.654GiB
1787538944,heavy-coupon-api-1,30.11%,395.2MiB / 2GiB
1787538944,heavy-grafana-1,0.17%,111MiB / 7.654GiB
1787538944,heavy-toxiproxy-1,0.00%,3.012MiB / 7.654GiB
1787538944,heavy-postgres-1,0.07%,69.8MiB / 1GiB
1787538944,heavy-redis-1,0.54%,9.336MiB / 256MiB
1787538944,heavy-mock-external-1,1.99%,187.8MiB / 1GiB
1787538944,heavy-prometheus-1,1.79%,57.51MiB / 7.654GiB
1787538949,heavy-coupon-api-1,17.73%,396.9MiB / 2GiB
1787538949,heavy-grafana-1,0.10%,111MiB / 7.654GiB
1787538949,heavy-toxiproxy-1,0.00%,3.012MiB / 7.654GiB
1787538949,heavy-postgres-1,0.53%,69.8MiB / 1GiB
1787538949,heavy-redis-1,0.77%,9.586MiB / 256MiB
1787538949,heavy-mock-external-1,3.32%,187.8MiB / 1GiB
1787538949,heavy-prometheus-1,2.57%,57.51MiB / 7.654GiB
1787538954,heavy-coupon-api-1,18.09%,398.6MiB / 2GiB
1787538954,heavy-grafana-1,0.46%,111MiB / 7.654GiB
1787538954,heavy-toxiproxy-1,0.00%,3.012MiB / 7.654GiB
1787538954,heavy-postgres-1,0.00%,69.8MiB / 1GiB
1787538954,heavy-redis-1,0.74%,9.336MiB / 256MiB
1787538954,heavy-mock-external-1,1.75%,187.8MiB / 1GiB
1787538954,heavy-prometheus-1,0.34%,57.51MiB / 7.654GiB
1787538958,heavy-coupon-api-1,16.10%,400.9MiB / 2GiB
1787538958,heavy-grafana-1,0.39%,111MiB / 7.654GiB
1787538958,heavy-toxiproxy-1,0.00%,3.012MiB / 7.654GiB
1787538958,heavy-postgres-1,0.01%,69.85MiB / 1GiB
1787538958,heavy-redis-1,0.81%,9.336MiB / 256MiB
1787538958,heavy-mock-external-1,0.43%,187.8MiB / 1GiB
1787538958,heavy-prometheus-1,1.32%,57.51MiB / 7.654GiB
1787538963,heavy-coupon-api-1,17.18%,401.8MiB / 2GiB
1787538963,heavy-grafana-1,0.27%,111MiB / 7.654GiB
1787538963,heavy-toxiproxy-1,0.00%,3.012MiB / 7.654GiB
1787538963,heavy-postgres-1,0.00%,69.8MiB / 1GiB
1787538963,heavy-redis-1,0.68%,9.336MiB / 256MiB
1787538963,heavy-mock-external-1,0.22%,187.8MiB / 1GiB
1787538963,heavy-prometheus-1,0.05%,57.5MiB / 7.654GiB
1787538967,heavy-coupon-api-1,13.55%,402.9MiB / 2GiB
1787538967,heavy-grafana-1,0.17%,111MiB / 7.654GiB
1787538967,heavy-toxiproxy-1,0.00%,3.012MiB / 7.654GiB
1787538967,heavy-postgres-1,0.66%,69.8MiB / 1GiB
1787538967,heavy-redis-1,1.02%,9.336MiB / 256MiB
1787538967,heavy-mock-external-1,0.39%,187.8MiB / 1GiB
1787538967,heavy-prometheus-1,0.00%,57.5MiB / 7.654GiB
1787538972,heavy-coupon-api-1,14.23%,403.4MiB / 2GiB
1787538972,heavy-grafana-1,1.79%,111.1MiB / 7.654GiB
1787538972,heavy-toxiproxy-1,0.00%,3.012MiB / 7.654GiB
1787538972,heavy-postgres-1,0.01%,69.8MiB / 1GiB
1787538972,heavy-redis-1,0.47%,9.336MiB / 256MiB
1787538972,heavy-mock-external-1,0.10%,187.8MiB / 1GiB
1787538972,heavy-prometheus-1,0.00%,57.5MiB / 7.654GiB
1787538975,heavy-coupon-api-1,18.17%,403.7MiB / 2GiB
1787538975,heavy-grafana-1,0.19%,111MiB / 7.654GiB
1787538975,heavy-toxiproxy-1,0.00%,3.012MiB / 7.654GiB
1787538975,heavy-postgres-1,0.01%,69.8MiB / 1GiB
1787538975,heavy-redis-1,0.62%,9.336MiB / 256MiB
1787538975,heavy-mock-external-1,0.13%,187.8MiB / 1GiB
1787538975,heavy-prometheus-1,0.00%,57.51MiB / 7.654GiB
1787538980,heavy-coupon-api-1,17.94%,405.1MiB / 2GiB
1787538980,heavy-grafana-1,0.31%,111MiB / 7.654GiB
1787538980,heavy-toxiproxy-1,0.00%,3.012MiB / 7.654GiB
1787538980,heavy-postgres-1,0.00%,69.8MiB / 1GiB
1787538980,heavy-redis-1,0.97%,9.336MiB / 256MiB
1787538980,heavy-mock-external-1,0.55%,187.9MiB / 1GiB
1787538980,heavy-prometheus-1,0.10%,57.5MiB / 7.654GiB
1787538985,heavy-coupon-api-1,13.12%,408.9MiB / 2GiB
1787538985,heavy-grafana-1,0.25%,111MiB / 7.654GiB
1787538985,heavy-toxiproxy-1,0.00%,3.012MiB / 7.654GiB
1787538985,heavy-postgres-1,0.00%,69.8MiB / 1GiB
1787538985,heavy-redis-1,1.76%,9.336MiB / 256MiB
1787538985,heavy-mock-external-1,0.10%,187.9MiB / 1GiB
1787538985,heavy-prometheus-1,0.75%,57.51MiB / 7.654GiB
1787538989,heavy-coupon-api-1,15.88%,405.4MiB / 2GiB
1787538989,heavy-grafana-1,0.53%,111MiB / 7.654GiB
1787538989,heavy-toxiproxy-1,0.00%,3.012MiB / 7.654GiB
1787538989,heavy-postgres-1,0.00%,69.8MiB / 1GiB
1787538989,heavy-redis-1,0.62%,9.336MiB / 256MiB
1787538989,heavy-mock-external-1,3.20%,187.9MiB / 1GiB
1787538989,heavy-prometheus-1,0.42%,57.51MiB / 7.654GiB
1787538994,heavy-coupon-api-1,23.01%,410.7MiB / 2GiB
1787538994,heavy-grafana-1,0.51%,111MiB / 7.654GiB
1787538994,heavy-toxiproxy-1,0.00%,3.012MiB / 7.654GiB
1787538994,heavy-postgres-1,0.00%,69.8MiB / 1GiB
1787538994,heavy-redis-1,0.52%,9.336MiB / 256MiB
1787538994,heavy-mock-external-1,4.93%,188.1MiB / 1GiB
1787538994,heavy-prometheus-1,25.15%,57.51MiB / 7.654GiB
1787538999,heavy-coupon-api-1,13.02%,411.5MiB / 2GiB
1787538999,heavy-grafana-1,0.17%,111MiB / 7.654GiB
1787538999,heavy-toxiproxy-1,0.00%,3.012MiB / 7.654GiB
1787538999,heavy-postgres-1,0.03%,69.8MiB / 1GiB
1787538999,heavy-redis-1,0.88%,9.336MiB / 256MiB
1787538999,heavy-mock-external-1,4.23%,187.9MiB / 1GiB
1787538999,heavy-prometheus-1,8.54%,57.75MiB / 7.654GiB
1787539004,heavy-coupon-api-1,11.13%,412.7MiB / 2GiB
1787539004,heavy-grafana-1,0.36%,111MiB / 7.654GiB
1787539004,heavy-toxiproxy-1,0.00%,3.012MiB / 7.654GiB
1787539004,heavy-postgres-1,1.87%,69.8MiB / 1GiB
1787539004,heavy-redis-1,2.17%,9.336MiB / 256MiB
1787539004,heavy-mock-external-1,4.86%,187.9MiB / 1GiB
1787539004,heavy-prometheus-1,3.47%,57.52MiB / 7.654GiB
1787539009,heavy-coupon-api-1,16.37%,419.2MiB / 2GiB
1787539009,heavy-grafana-1,2.02%,111MiB / 7.654GiB
1787539009,heavy-toxiproxy-1,0.00%,3.012MiB / 7.654GiB
1787539009,heavy-postgres-1,0.03%,69.8MiB / 1GiB
1787539009,heavy-redis-1,0.83%,9.336MiB / 256MiB
1787539009,heavy-mock-external-1,4.50%,187.9MiB / 1GiB
1787539009,heavy-prometheus-1,3.54%,57.52MiB / 7.654GiB
1787539013,heavy-coupon-api-1,11.04%,421.6MiB / 2GiB
1787539013,heavy-grafana-1,0.23%,111MiB / 7.654GiB
1787539013,heavy-toxiproxy-1,0.00%,3.012MiB / 7.654GiB
1787539013,heavy-postgres-1,0.67%,69.8MiB / 1GiB
1787539013,heavy-redis-1,0.85%,9.336MiB / 256MiB
1787539013,heavy-mock-external-1,0.58%,187.9MiB / 1GiB
1787539013,heavy-prometheus-1,1.72%,57.77MiB / 7.654GiB
1787539017,heavy-coupon-api-1,36.60%,422.7MiB / 2GiB
1787539017,heavy-grafana-1,0.34%,111MiB / 7.654GiB
1787539017,heavy-toxiproxy-1,0.00%,3.012MiB / 7.654GiB
1787539017,heavy-postgres-1,0.00%,69.8MiB / 1GiB
1787539017,heavy-redis-1,0.84%,9.34MiB / 256MiB
1787539017,heavy-mock-external-1,0.19%,187.9MiB / 1GiB
1787539017,heavy-prometheus-1,0.00%,57.52MiB / 7.654GiB
1787539022,heavy-coupon-api-1,34.18%,427MiB / 2GiB
1787539022,heavy-grafana-1,0.18%,111MiB / 7.654GiB
1787539022,heavy-toxiproxy-1,0.00%,3.012MiB / 7.654GiB
1787539022,heavy-postgres-1,2.99%,69.81MiB / 1GiB
1787539022,heavy-redis-1,1.24%,9.336MiB / 256MiB
1787539022,heavy-mock-external-1,1.52%,187.9MiB / 1GiB
1787539022,heavy-prometheus-1,0.00%,57.57MiB / 7.654GiB
1787539027,heavy-coupon-api-1,13.74%,428MiB / 2GiB
1787539027,heavy-grafana-1,2.07%,111MiB / 7.654GiB
1787539027,heavy-toxiproxy-1,0.00%,3.012MiB / 7.654GiB
1787539027,heavy-postgres-1,0.00%,69.8MiB / 1GiB
1787539027,heavy-redis-1,0.59%,9.336MiB / 256MiB
1787539027,heavy-mock-external-1,0.18%,187.9MiB / 1GiB
1787539027,heavy-prometheus-1,0.00%,57.57MiB / 7.654GiB
1787539031,heavy-coupon-api-1,17.36%,430.2MiB / 2GiB
1787539031,heavy-grafana-1,2.35%,111MiB / 7.654GiB
1787539031,heavy-toxiproxy-1,0.00%,3.012MiB / 7.654GiB
1787539031,heavy-postgres-1,0.65%,69.81MiB / 1GiB
1787539031,heavy-redis-1,1.27%,9.336MiB / 256MiB
1787539031,heavy-mock-external-1,0.97%,188MiB / 1GiB
1787539031,heavy-prometheus-1,0.00%,57.57MiB / 7.654GiB
1787539036,heavy-coupon-api-1,25.36%,437MiB / 2GiB
1787539036,heavy-grafana-1,0.16%,111MiB / 7.654GiB
1787539036,heavy-toxiproxy-1,0.00%,3.012MiB / 7.654GiB
1787539036,heavy-postgres-1,0.04%,69.8MiB / 1GiB
1787539036,heavy-redis-1,0.67%,9.336MiB / 256MiB
1787539036,heavy-mock-external-1,0.18%,188MiB / 1GiB
1787539036,heavy-prometheus-1,0.24%,57.59MiB / 7.654GiB
1787539040,heavy-coupon-api-1,34.45%,432.9MiB / 2GiB
1787539040,heavy-grafana-1,0.33%,111MiB / 7.654GiB
1787539040,heavy-toxiproxy-1,0.00%,3.012MiB / 7.654GiB
1787539040,heavy-postgres-1,4.93%,69.8MiB / 1GiB
1787539040,heavy-redis-1,3.73%,9.336MiB / 256MiB
1787539040,heavy-mock-external-1,25.54%,188MiB / 1GiB
1787539040,heavy-prometheus-1,0.00%,57.58MiB / 7.654GiB
1787539045,heavy-coupon-api-1,16.61%,433.1MiB / 2GiB
1787539045,heavy-grafana-1,0.58%,111MiB / 7.654GiB
1787539045,heavy-toxiproxy-1,0.00%,3.012MiB / 7.654GiB
1787539045,heavy-postgres-1,0.00%,69.8MiB / 1GiB
1787539045,heavy-redis-1,1.36%,9.336MiB / 256MiB
1787539045,heavy-mock-external-1,2.80%,188MiB / 1GiB
1787539045,heavy-prometheus-1,0.64%,57.59MiB / 7.654GiB
1787539050,heavy-coupon-api-1,21.31%,442.1MiB / 2GiB
1787539050,heavy-grafana-1,0.16%,111MiB / 7.654GiB
1787539050,heavy-toxiproxy-1,0.00%,3.012MiB / 7.654GiB
1787539050,heavy-postgres-1,16.62%,69.81MiB / 1GiB
1787539050,heavy-redis-1,1.34%,9.336MiB / 256MiB
1787539050,heavy-mock-external-1,1.41%,188MiB / 1GiB
1787539050,heavy-prometheus-1,0.73%,57.58MiB / 7.654GiB
1787539054,heavy-coupon-api-1,9.99%,442.6MiB / 2GiB
1787539054,heavy-grafana-1,0.32%,111MiB / 7.654GiB
1787539054,heavy-toxiproxy-1,0.00%,3.012MiB / 7.654GiB
1787539054,heavy-postgres-1,0.03%,69.8MiB / 1GiB
1787539054,heavy-redis-1,0.98%,9.336MiB / 256MiB
1787539054,heavy-mock-external-1,3.18%,188MiB / 1GiB
1787539054,heavy-prometheus-1,0.42%,57.59MiB / 7.654GiB
1787539059,heavy-coupon-api-1,19.48%,442.4MiB / 2GiB
1787539059,heavy-grafana-1,0.17%,111MiB / 7.654GiB
1787539059,heavy-toxiproxy-1,0.00%,3.012MiB / 7.654GiB
1787539059,heavy-postgres-1,1.02%,69.8MiB / 1GiB
1787539059,heavy-redis-1,1.14%,9.586MiB / 256MiB
1787539059,heavy-mock-external-1,4.53%,188MiB / 1GiB
1787539059,heavy-prometheus-1,0.39%,57.59MiB / 7.654GiB
1787539064,heavy-coupon-api-1,16.60%,442.1MiB / 2GiB
1787539064,heavy-grafana-1,0.30%,111.1MiB / 7.654GiB
1787539064,heavy-toxiproxy-1,0.00%,3.012MiB / 7.654GiB
1787539064,heavy-postgres-1,0.00%,69.8MiB / 1GiB
1787539064,heavy-redis-1,0.75%,9.336MiB / 256MiB
1787539064,heavy-mock-external-1,1.05%,188MiB / 1GiB
1787539064,heavy-prometheus-1,0.13%,57.58MiB / 7.654GiB
1787539069,heavy-coupon-api-1,8.69%,442.8MiB / 2GiB
1787539069,heavy-grafana-1,0.32%,111.1MiB / 7.654GiB
1787539069,heavy-toxiproxy-1,0.00%,3.012MiB / 7.654GiB
1787539069,heavy-postgres-1,0.63%,69.8MiB / 1GiB
1787539069,heavy-redis-1,0.64%,9.336MiB / 256MiB
1787539069,heavy-mock-external-1,0.11%,188MiB / 1GiB
1787539069,heavy-prometheus-1,0.75%,57.58MiB / 7.654GiB
1787539073,heavy-coupon-api-1,10.85%,443MiB / 2GiB
1787539073,heavy-grafana-1,0.28%,111MiB / 7.654GiB
1787539073,heavy-toxiproxy-1,0.00%,3.012MiB / 7.654GiB
1787539073,heavy-postgres-1,0.00%,69.8MiB / 1GiB
1787539073,heavy-redis-1,0.83%,9.336MiB / 256MiB
1787539073,heavy-mock-external-1,0.19%,188MiB / 1GiB
1787539073,heavy-prometheus-1,1.42%,57.84MiB / 7.654GiB
1787539077,heavy-coupon-api-1,16.64%,443MiB / 2GiB
1787539077,heavy-grafana-1,0.17%,111MiB / 7.654GiB
1787539077,heavy-toxiproxy-1,0.00%,3.012MiB / 7.654GiB
1787539077,heavy-postgres-1,0.80%,69.8MiB / 1GiB
1787539077,heavy-redis-1,0.84%,9.336MiB / 256MiB
1787539077,heavy-mock-external-1,1.98%,188MiB / 1GiB
1787539077,heavy-prometheus-1,0.13%,57.58MiB / 7.654GiB
1787539082,heavy-coupon-api-1,8.48%,443MiB / 2GiB
1787539082,heavy-grafana-1,0.19%,111MiB / 7.654GiB
1787539082,heavy-toxiproxy-1,0.00%,3.012MiB / 7.654GiB
1787539082,heavy-postgres-1,0.00%,69.82MiB / 1GiB
1787539082,heavy-redis-1,0.77%,9.336MiB / 256MiB
1787539082,heavy-mock-external-1,0.13%,188MiB / 1GiB
1787539082,heavy-prometheus-1,0.00%,57.58MiB / 7.654GiB
1787539087,heavy-coupon-api-1,18.78%,442.8MiB / 2GiB
1787539087,heavy-grafana-1,0.16%,111MiB / 7.654GiB
1787539087,heavy-toxiproxy-1,0.00%,3.012MiB / 7.654GiB
1787539087,heavy-postgres-1,2.19%,69.8MiB / 1GiB
1787539087,heavy-redis-1,1.15%,9.336MiB / 256MiB
1787539087,heavy-mock-external-1,0.12%,188MiB / 1GiB
1787539087,heavy-prometheus-1,0.00%,57.58MiB / 7.654GiB
1787539091,heavy-coupon-api-1,44.72%,446.8MiB / 2GiB
1787539091,heavy-grafana-1,1.49%,111.1MiB / 7.654GiB
1787539091,heavy-toxiproxy-1,0.00%,3.012MiB / 7.654GiB
1787539091,heavy-postgres-1,0.01%,69.8MiB / 1GiB
1787539091,heavy-redis-1,0.49%,9.336MiB / 256MiB
1787539091,heavy-mock-external-1,0.09%,188MiB / 1GiB
1787539091,heavy-prometheus-1,0.00%,57.58MiB / 7.654GiB
1787539096,heavy-coupon-api-1,26.30%,448.4MiB / 2GiB
1787539096,heavy-grafana-1,0.19%,111.1MiB / 7.654GiB
1787539096,heavy-toxiproxy-1,0.00%,3.012MiB / 7.654GiB
1787539096,heavy-postgres-1,1.02%,69.8MiB / 1GiB
1787539096,heavy-redis-1,0.94%,9.336MiB / 256MiB
1787539096,heavy-mock-external-1,1.02%,188.1MiB / 1GiB
1787539096,heavy-prometheus-1,0.00%,57.59MiB / 7.654GiB
1787539100,heavy-coupon-api-1,19.46%,450.5MiB / 2GiB
1787539100,heavy-grafana-1,0.45%,111.1MiB / 7.654GiB
1787539100,heavy-toxiproxy-1,0.00%,3.012MiB / 7.654GiB
1787539100,heavy-postgres-1,0.02%,69.8MiB / 1GiB
1787539100,heavy-redis-1,0.37%,9.336MiB / 256MiB
1787539100,heavy-mock-external-1,0.12%,188MiB / 1GiB
1787539100,heavy-prometheus-1,0.65%,57.59MiB / 7.654GiB
1787539105,heavy-coupon-api-1,8.47%,445MiB / 2GiB
1787539105,heavy-grafana-1,0.17%,111.1MiB / 7.654GiB
1787539105,heavy-toxiproxy-1,0.00%,3.012MiB / 7.654GiB
1787539105,heavy-postgres-1,0.73%,69.8MiB / 1GiB
1787539105,heavy-redis-1,0.90%,9.336MiB / 256MiB
1787539105,heavy-mock-external-1,0.52%,188MiB / 1GiB
1787539105,heavy-prometheus-1,0.24%,57.59MiB / 7.654GiB
1787539110,heavy-coupon-api-1,5.81%,444.4MiB / 2GiB
1787539110,heavy-grafana-1,0.17%,111.1MiB / 7.654GiB
1787539110,heavy-toxiproxy-1,0.00%,3.012MiB / 7.654GiB
1787539110,heavy-postgres-1,0.00%,69.8MiB / 1GiB
1787539110,heavy-redis-1,0.74%,9.336MiB / 256MiB
1787539110,heavy-mock-external-1,1.89%,188MiB / 1GiB
1787539110,heavy-prometheus-1,0.54%,57.59MiB / 7.654GiB
1787539114,heavy-coupon-api-1,10.24%,443.9MiB / 2GiB
1787539114,heavy-grafana-1,0.24%,111.1MiB / 7.654GiB
1787539114,heavy-toxiproxy-1,0.00%,3.012MiB / 7.654GiB
1787539114,heavy-postgres-1,0.52%,69.85MiB / 1GiB
1787539114,heavy-redis-1,0.80%,9.336MiB / 256MiB
1787539114,heavy-mock-external-1,1.68%,188MiB / 1GiB
1787539114,heavy-prometheus-1,0.24%,57.83MiB / 7.654GiB
1787539119,heavy-coupon-api-1,13.77%,446.3MiB / 2GiB
1787539119,heavy-grafana-1,0.16%,111MiB / 7.654GiB
1787539119,heavy-toxiproxy-1,0.00%,3.012MiB / 7.654GiB
1787539119,heavy-postgres-1,0.00%,69.8MiB / 1GiB
1787539119,heavy-redis-1,0.59%,9.336MiB / 256MiB
1787539119,heavy-mock-external-1,1.95%,188MiB / 1GiB
1787539119,heavy-prometheus-1,1.76%,57.59MiB / 7.654GiB
